of the,0.0536531745338
and,0.048424931163
in the,0.0441902977856
it s,0.0424345384182
the film,-0.296980298665
of a,-0.0540095098751
film,0.323647825625
to the,-0.0164635938775
to be,0.0174203519687
is a,0.126680046922
movie,0.0199205565053
and the,-0.0111400975866
for the,-0.0247450074409
on the,0.0499658555021
it,-0.042752489093
the movie,-0.15326364762
in a,-0.0609159200198
s,-0.0258413044271
with a,-0.0731772892809
as a,-0.105219710842
and a,0.0427353100942
a movie,-0.121591586384
of its,0.0831805868555
with the,-0.122906817599
one of,0.135041349097
rrb,-0.0162974910583
for a,-0.150079419198
it is,-0.0462357933188
story,0.0462158702185
s a,0.111572192261
does nt,-0.424443898445
but,-0.0277369467498
at the,-0.136260296503
as the,-0.119391026069
comedy,0.0629110730334
from the,-0.0652255919101
that s,-0.0162508608686
the most,-0.00159830451199
all the,-0.0211347719488
is nt,-0.090007826663
time,-0.0494267336177
like a,-0.205124506415
that it,-0.119177844577
a film,-0.299362362907
by the,-0.135951061413
characters,0.0798141399726
about the,0.0729810859832
film s,-0.0817969943977
into the,0.167258642293
to a,0.0351067902082
life,0.134436881365
that is,0.0362361419321
the story,-0.145389130452
in this,0.0917829190405
do nt,0.173876428228
have been,-0.208638490498
kind of,-0.252900154689
one,0.03025468079
out of,-0.0697626451871
a good,-0.105540579587
of his,0.0788782819258
more than,0.091759311731
to make,-0.266717601793
in its,0.18650456812
there s,0.0998121414373
that the,-0.00971106443265
a few,0.00921420257165
work,0.188409358214
is the,0.00832880777419
sense of,-0.0168375354567
its own,-0.186865073179
be a,-0.261753981883
film that,-0.0579777982725
this movie,-0.0291361531927
the characters,0.0147783354782
movies,0.150156089874
ca nt,-0.0554564491502
s not,-0.218079708025
way,0.0420794300685
them,0.0429853768601
but it,0.167385201768
the first,-0.0383163239952
on a,0.0686684180895
movie that,0.199753037797
out,-0.220262474279
the best,0.52805858483
has a,0.231116653665
to see,-0.0404031870279
the same,-0.237220628244
films,0.162311584403
as it,0.164834291206
this is,0.0495483482592
if you,-0.0775667846944
drama,0.0941203133074
from a,-0.158909008424
into a,-0.0331488839916
you re,-0.207284274274
funny,0.52490735858
a lot,0.0782311257656
a little,0.0861155552606
of an,0.081686953976
to watch,0.141889929509
than the,0.00824253177667
up,-0.0532152584994
of this,-0.0996067867251
than a,-0.361033083956
enough to,-0.0420218610975
humor,0.185271402597
by a,-0.227867519505
such a,-0.150563043973
the way,0.04287272757
performances,0.698235314453
film is,0.132609233855
most of,-0.311344846291
minutes,-0.310223726125
if it,0.143901016412
is not,-0.197062130117
audience,-0.0359954881803
the end,0.218077679586
be,0.0544917929567
movie s,0.000874508835957
this film,-0.0648430866708
at least,0.369917152946
performance,0.698728325848
movie is,-0.188919396558
so much,0.0252874171497
in which,-0.0394048846721
the audience,0.245705101507
a great,0.387122693606
look at,0.188155492708
is an,0.133691672137
people,-0.000574655093012
trying to,-0.301563134773
you,0.136442538245
or,-0.226312494477
to have,0.0896111544198
want to,-0.122076171912
of those,0.0651555008237
material,-0.17523892598
is so,-0.0463415863569
is,0.0272055297803
screen,0.079474741735
in his,-0.244103594615
through the,-0.213826095617
thriller,0.378669114339
hard to,0.164397321748
cast,0.272789269226
like the,-0.0539310402546
as if,-0.0785072784979
can be,0.0875014868095
for its,0.279562362984
with an,0.225561178891
he s,0.18850247217
would be,-0.115646139258
it does,0.18894733141
some of,-0.0460586710249
not a,-0.0286658855217
moments,0.16197933302
the world,-0.00730920003907
may be,0.100478249052
is that,0.0342877388322
the screen,0.123793765579
the original,-0.160184802051
here,-0.0578150760795
could have,-0.0607579805531
the plot,0.0194252510277
script,-0.378182167229
of all,0.0749448702878
to do,0.170622561063
the kind,0.139880231911
rather than,-0.189265394605
world,0.202243311185
plot,-0.293156859839
have a,0.131329794743
about a,-0.0174304904074
a bit,-0.284916790049
us,0.194131355793
good,0.511708758057
you can,-0.0849349331727
year,0.121863583026
heart,0.470449529881
that you,-0.190894069803
wo nt,-0.0693028099694
documentary,0.418480593348
cinema,0.401270711716
and an,-0.139474949219
a very,0.126943558557
tale,0.338554910742
will be,-0.157918202208
s rrb,-0.0544238882998
romantic comedy,0.0282416050153
a story,-0.228833414591
to find,0.239357111588
picture,-0.0202498698199
should be,-0.394705576722
the year,0.176880919048
scenes,0.0312417274944
s the,0.0534110906467
and his,0.0630384986023
to its,0.0480712044278
over the,-0.0334866129178
but the,-0.202905489825
it all,-0.149241974635
his own,-0.0284419758622
enough,0.218530936644
sense,0.0957567962507
did nt,0.0215599333339
times,-0.0871996918091
going to,0.406360813332
the theater,-0.120039036157
years,0.0677770176067
the other,-0.326527188894
the big,0.0181108179578
it was,-0.192185065827
to keep,0.095122888121
sort of,-0.0942995871314
up to,0.260261841367
much of,0.0757851264649
and its,-0.131676220832
manages to,0.289193767328
fun,0.642586108896
to get,0.0849952826444
you ve,-0.0845135296662
the worst,-1.4659076566
history,0.19461034616
characters and,-0.251279952833
and not,-0.0215858980133
all,0.013305314248
with its,0.0152643087206
that,0.00514503548108
this one,0.218944113689
lrb and,-0.00193283608257
him,-0.101437764597
each other,0.146293989575
s no,-0.150082080822
man,0.165075218985
all of,-0.396857072887
too much,-0.1130925606
the right,0.304600094039
of it,0.127211246818
a more,0.131270813118
of their,0.00487403154306
love,0.395350194817
a bad,0.228344772074
entertainment,0.335554095923
dialogue,-0.39629760575
at a,-0.192777252278
who are,-0.0547728852185
in an,0.00667444867773
as well,-0.692931816594
to say,-0.113553358675
the script,0.221134502085
more,-0.041244602013
full of,0.239001445337
experience,0.24401086107
what s,-0.264800370272
style,0.24541298114
by its,0.0444388654764
as an,0.30365250854
this,-0.0791283478623
on its,-0.0487711606792
you ll,-0.00767733523392
premise,-0.13769656283
is one,-0.0506024211945
again,0.0059237439405
would have,-0.202656426671
lot of,-0.159359567378
actors,0.205318135309
so many,-0.18877098932
the last,0.0625050778252
is more,-0.0605168452456
too many,-0.19987988391
care about,0.233085897644
action,-0.263722540642
not to,0.549232902714
itself,0.0802785952234
portrait of,-0.0409238557271
nt have,-0.09257568248
with his,-0.130708818551
new york,0.0183070258912
has been,0.0874454375206
because it,0.0625905045398
their own,0.298970735874
end,-0.0371590448828
in,-0.0811222090859
to give,0.0298537355604
there is,-0.0553815632621
character,0.0996348190591
may not,0.0218201428841
if the,0.0105327809589
the director,-0.252091774505
any of,-0.356479027304
up in,0.221353173105
that he,-0.182618308006
story and,0.0981791544152
bad,-0.836958584959
and more,0.0314601955688
than it,0.0529760915342
other,-0.0802848414937
about,0.0118467371655
a new,0.209780101169
make a,0.00904048703184
be the,0.119830031317
off the,-0.0946947020864
of what,0.0904397429054
entertaining,0.723909632964
there are,0.0876058487153
piece,0.318990514227
part of,0.31720731805
original,0.243506598703
or the,0.0568198391602
funny and,0.248132390443
the time,0.0391765690216
seems to,-0.299854887893
feel like,0.0354709725658
that makes,-0.0910715536488
lack of,-0.644038467477
the whole,0.0574092077579
that are,-0.130897874453
subject matter,0.406856879191
out the,0.270137017275
make the,0.310964160007
its characters,0.0553503579063
has the,-0.0818351709134
when you,-0.111991644822
what it,0.297721952047
the very,0.0860215608694
running time,-0.192494885228
at times,0.195937412416
of these,-0.173612566117
film with,0.0631288411919
all that,-0.332971446655
thing,-0.260923810078
the filmmakers,-0.434015771709
of your,-0.0137259325557
none of,-0.744923680571
not only,0.519263789038
flick,-0.0391033765615
people who,0.00609651946123
is in,0.246821525393
direction,-0.0663589293236
special effects,-0.0150807320481
of life,0.0329007538296
might have,-0.366999013591
at its,-0.19665208466
which is,-0.244348871928
subject,0.154784412447
much more,0.0235708839788
genre,0.328012455605
it has,0.205077012572
as you,0.296830820608
watch,-0.0694253674405
of love,-0.260889001249
the only,-0.110974591648
not be,0.19951183388
instead of,-0.29648554387
love story,-0.0273102869279
able to,0.37786765838
of that,0.219173100053
soap opera,-0.621619434635
how to,0.136483790622
and most,0.108982893323
looking for,-0.0826214906994
fans,0.338323066926
family,0.136921672441
compelling,0.534388741747
book,-0.0474678440308
a long,-0.0425766784704
to care,-0.365462648297
not,-0.282022018952
even if,0.20997154489
that we,0.0771178282284
something,0.160917847942
s film,-0.251652607463
it would,-0.0577479846154
effort,-0.0068748603229
but not,0.134926983927
women,-0.0755484796181
things,-0.0458503855496
the viewer,0.0235754818576
s just,-0.0243709763657
is to,-0.0773201294846
is as,-0.0244168539151
all its,-0.115816234384
well as,0.576079864342
series,-0.230261449475
nt,-0.298747144994
acting,-0.0276696152397
ve seen,-0.323077069327
to go,0.00465754522922
s most,0.382817160525
melodrama,-0.130297007832
i m,-0.0151186825133
better than,0.60403924464
when it,-0.184435112863
the picture,-0.150417957688
that this,0.104810201724
that does,-0.0326180214612
point,0.135630220683
of our,0.39573986594
of her,0.0322175704037
it to,0.128312553134
for an,-0.00383105823523
the material,0.0835265194518
that will,0.237017264328
piece of,-0.327526499532
of being,-0.0915649726426
it were,-0.302224874981
and it,-0.129868736494
to take,-0.0556647195043
when the,-0.0103463059735
what is,-0.227269935753
the cast,-0.300809336486
supposed to,-0.234007101701
movie with,0.368927220653
makes the,0.238103631792
an hour,-0.183025119648
a young,0.0375916948098
music,0.242232078722
kids,0.0966547540788
effects,-0.06086446532
version of,-0.316900344516
tale of,0.0812817653044
see it,0.288586031523
screenplay,-0.329610831714
out to,0.277154808312
opera,-0.0556367932208
of them,-0.270513694205
just a,-0.0955518739701
its title,-0.0591647218472
culture,0.19827206748
a fascinating,0.786037649446
work of,0.449223138591
the more,0.167808307586
much,0.0360751895862
moments of,0.0851710700554
level of,0.0915502964953
it a,0.0591637680953
and even,0.00626153347506
of one,0.175692771825
you to,0.00919594108497
the subject,-0.0838807214463
s best,0.174422510664
place,0.0432716471878
man s,-0.0551187211841
fails to,-0.917541988403
a big,0.175820920396
way to,0.116937805575
stuff,0.110679101752
made,-0.0290555884907
look,0.163508899418
have to,0.134974126674
for this,0.00690051509335
down,-0.338876451536
as much,-0.0815752745483
to look,0.106931986306
the fact,-0.0391721335111
in their,0.22066807805
for,-0.0186610732331
charm,0.400990826333
off,-0.13577438592
laughs,0.184528054207
is too,-0.0981059120518
in your,-0.170126889709
of us,-0.235038554057
long,-0.209305767307
been a,0.159955276848
s hard,0.153140639853
plenty of,0.217568324513
just as,0.812712466059
good time,0.63951071168
at all,-0.329116587414
as its,-0.241673562087
the point,-0.431120621496
should have,-0.578287784085
lives,0.0597813284984
like this,0.11222263068
is just,-0.462756039651
impossible to,-0.769276607173
dull,-0.977003766996
away,-0.0718994819252
are nt,-0.0152256943927
another,-0.145045035664
suspense,0.215992122483
special,0.115620076641
a sense,0.223637306813
stories,0.0537888190924
humor and,0.18138056559
come to,-0.0195536018802
see the,-0.131712769279
point of,-0.473995922477
filmmaking,0.162664989735
before,-0.06675888033
and then,-0.0157889373246
and as,0.12260093807
story of,0.250840244325
or a,0.278701520491
into an,-0.214396359528
film to,0.172250445189
even more,0.139602365071
you have,-0.115005829489
you d,-0.5244612537
tone,0.150145586883
through,-0.0504554998458
s an,0.200312820745
or even,-0.230601837377
one that,0.0644731982438
make it,0.156712312107
this year,0.266167815131
the human,-0.215026405914
s so,-0.0415228476179
ride,0.480909700346
of humor,-0.357199314318
interest,0.055046406371
far more,0.393085592078
who is,-0.0361600337024
under the,0.0183627411473
tries to,-0.437609924408
own,-0.054502590724
film about,0.193341269241
but also,0.718055968694
you feel,0.088913765223
with this,-0.030736962079
that made,-0.173701035066
make you,-0.0167325441425
exercise in,-0.176573474699
between the,0.0542510321555
works,0.502910538395
title,-0.393285276067
on,-0.068928525656
need to,-0.0426048726306
music and,0.128559904476
from its,0.0168635921984
comedy that,0.118047587371
the action,-0.195743311903
power of,-0.0951517405767
minutes of,-0.664393607188
days,-0.134787626373
an interesting,0.30340478865
a certain,0.10960828865
the actors,0.0842286575439
even the,-0.0904079814442
ending,-0.23511920666
does not,-0.10451831114
big screen,0.0784401545395
be as,0.0139125467813
as one,0.31555567235
90 minutes,0.165356735873
with,0.139052770603
together,0.0877825320207
for all,0.295471976154
better,-0.150845160179
up with,-0.102785224995
time and,0.0596990596628
the power,0.243111289781
the performances,-0.209736205503
the new,-0.311882922095
line,0.0519800572535
end of,-0.329734448602
director,0.171534410838
but a,-0.111281250213
back,-0.136523322037
who has,0.0797335013474
the man,-0.276729646209
that would,0.0129257072832
series of,-0.055581991035
over,-0.127607037622
for that,0.0328207028043
for it,0.0478518993999
director s,0.0404318655527
dialogue and,-0.171025348753
bit of,-0.0613687665823
tragedy,-0.0233058641349
sequences,0.0867670239894
s been,-0.0926614723142
more of,-0.350226455181
level,-0.046646638432
world s,-0.113696626937
with such,0.556808136608
up the,-0.0679003765604
the title,0.223084210366
role,0.283542871633
project,-0.0225986381325
me,-0.225995353059
little more,-0.243290393702
is about,0.058373932663
he has,-0.200140956779
could be,-0.0747541581158
well,0.330986518515
way of,-0.316400206112
to his,0.223234500875
rrb and,-0.280050237113
likely to,-0.158524127229
a man,-0.312457419328
seem to,0.102569803621
even a,-0.0293494300499
comedies,0.262716873435
movie in,-0.150715336707
interesting,0.325181821784
can not,-0.169064146488
a better,-0.12696494238
to it,0.354583445967
the entire,-0.136059691728
that has,0.0227760014944
that a,-0.268614622006
mess,-1.20806031824
matter,-0.432591145307
hours,-0.0167391982008
have made,0.0916156627832
and often,-0.093355284575
year s,-0.0409766402273
world of,-0.109428755635
without the,-0.129112803762
up for,0.387165121984
to show,-0.0927238815017
to,-0.0941986673256
the heart,0.226569574991
romance,0.247172723048
nt be,0.499119227028
lrb the,-0.0713801235691
i ve,0.115312142182
comes to,-0.125810875793
a solid,1.01649263213
the real,0.0626534329117
the full,-0.104242626243
that i,0.0567745272176
story that,0.286879889138
not the,-0.0594165256538
much as,-0.204313158271
more like,-0.333572223899
head,-0.11906296248
woman s,-0.0677254230264
to tell,0.226199465043
those who,0.074145301734
the screenplay,0.188384149673
show,-0.0852321005168
might be,-0.222138035377
makes it,0.485206678724
easy to,-0.035589837285
anyone who,-0.0876937712898
a real,-0.00132239799141
a rather,-0.36490995549
s also,-0.264787290265
in all,0.168560320961
conclusion,-0.0706678071345
boring,-0.720017178702
you might,-0.0816702436462
version,-0.000586643032949
theater,-0.135874482362
story is,-0.116567418835
they re,-0.38159995933
message,0.0262305247225
fact that,-0.490559633588
by an,0.195569722584
back to,-0.0173261546172
viewers,-0.142697259188
too long,0.0831600015318
time to,-0.178477195788
there,-0.139165410155
see this,-0.0369104302388
many of,-0.0136097653852
lots of,-0.0274879800162
is no,0.0624788818993
has no,-0.59939400954
energy,0.332803537381
a series,0.335195406283
the next,-0.459564575691
is still,0.0570618580389
has nt,-0.0516980347626
death,-0.37309312724
close to,-0.0164590576031
children s,-0.0396765735563
beyond the,-0.256253888092
and their,-0.060217168465
a single,-0.395124255283
they are,0.0548747232291
that takes,-0.171113322572
himself,-0.0440869217404
else,-0.413725041604
care,0.130773081125
about as,-0.541896152537
themselves,-0.144726142454
the level,-0.392497406023
scene,-0.0883157381801
it may,0.0396037745876
classic,0.0058973569333
amount of,0.089903009027
a strong,0.429450490079
a couple,0.240347498529
your heart,0.369365527298
wants to,-0.00524186574654
us to,0.0754165239757
the rest,0.0594527142136
that even,-0.0539231175227
study,0.282898580495
love and,0.440016025706
exercise,-0.278257692975
and some,0.0707452561479
ago,-0.145528526515
where the,-0.387119303372
plays like,-0.421243460702
nature of,0.011376307871
be an,-0.0604844686576
art,0.146790947653
and that,0.173065264891
a comedy,-0.0111054057842
what makes,0.477672735127
up a,-0.134976952533
plot and,-0.29594836907
idea of,-0.302308569837
girl,0.052777138573
down the,-0.159863103204
de niro,-0.0798481354735
day,0.132454954402
as any,-0.0125958467285
anything,-0.225304984423
and ultimately,-0.218880420205
a whole,-0.321167497473
a while,0.062046854495
to believe,0.0626297530327
the people,0.165489412355
the final,-0.0512633876884
the character,-0.440851760857
s as,0.459848282715
only to,0.234224568786
movies that,0.30906711879
made the,-0.0246589524173
made a,0.167490276803
it can,-0.425125798283
feature,0.278205367438
away from,0.421138908276
and in,0.0456897391264
woman,0.0851144063362
though it,-0.119196862436
is funny,-0.0493640016294
eyes,0.352929871011
attempt to,0.0707128161961
and yet,0.306210522754
up on,0.513251373909
to create,0.120160904021
the one,0.179388206081
the art,0.401210013095
sit through,-0.358456466918
she s,0.0883601626903
satire,-0.118657610942
of good,-0.240051990825
much to,0.292958753699
idea,-0.357907430369
going on,-0.172883038406
character s,0.0467436824485
becomes a,-0.71213593861
and just,-0.0479967750331
a powerful,0.787854194818
very funny,0.380539328403
to sit,-0.266721905501
these days,0.500638875163
the middle,-0.193850067844
storytelling,0.237575362138
story about,0.353161851811
other than,-0.310064214451
has all,-0.347180799404
film has,-0.0126574992032
events,0.0112740056763
career,0.220157096767
adults,0.0223087027855
ability to,0.804149555626
wit and,0.195504704451
who s,0.201874070758
we re,-0.0824569276001
to an,-0.156918721525
they were,-0.297563962995
side of,0.0862667253352
s all,-0.0477406181007
perspective,0.322217935099
like an,-0.0291685430273
life and,0.163604881553
favor of,0.0262779981947
characters who,-0.0504476962836
characters are,-0.368195508809
a documentary,-0.178666842216
with all,0.0113484827949
was a,-0.00605536648103
the usual,0.43510921422
sequel,-0.172821033594
reason to,0.0145032074802
off as,-0.598054326747
lives of,-0.0178410671845
leave you,-0.503337616243
camera,-0.0883378990653
act,0.0738318299763
a hollywood,-0.0983120970231
the movies,0.0431075760934
than to,-0.129181612676
spirit,0.455513713545
see a,0.212044684416
like it,0.117104007528
will probably,0.147218278677
wanted to,0.462538129621
very good,0.0882753761648
side,0.0973762371486
of two,0.0518959006204
of film,-0.459203712363
of cinema,-0.214916342429
narrative,0.00996816114439
in years,0.764862945314
far from,-0.0401132891009
fans of,-0.270911800219
are so,0.0791356689862
two,0.00865520209257
to think,-0.199970650799
the two,0.262717925419
the edge,-0.449018610297
than its,0.0610740185247
sweet and,0.613183093509
pace,0.172206497246
mystery,0.0205272557346
movie about,0.222096686608
might not,0.162412268592
men,0.0402296022879
lrb or,-0.095815116411
images,0.519726238542
could nt,0.113341382565
adventure,0.38684450862
a half,0.108133977156
a director,0.0932208459485
way that,0.187336556066
pleasure,0.548565454373
passion,0.297297147136
it makes,-0.471339140974
in favor,-0.187316381254
had a,-0.131626904393
game,0.101185632547
audiences,0.122403215344
a huge,0.362747251442
while the,-0.0925616163564
try to,-0.103309793214
the old,0.249404107952
that was,-0.318196226269
that they,0.041259820583
short of,0.240057034521
only,-0.28299744051
moving,0.627648501332
in it,-0.291129273938
i have,-0.0483677254249
first film,-0.149712931723
emotions,0.235964265658
drama that,0.238157243506
difficult to,-0.271676267274
based on,-0.00122104419423
a true,0.0337495154041
a sweet,0.616149231305
a compelling,0.240527892143
ways,0.024340083056
the music,-0.22980387384
say,-0.0475667222131
s going,0.11791447104
nt a,-0.0210850191448
give a,-0.0543351864923
films that,-0.110252771973
filled with,-0.334629083297
examination of,0.00111538954768
concept,-0.0135872386456
at once,0.62152612196
you think,-0.178757241575
to work,-0.0347065729109
to feel,-0.358177826532
style and,0.459440047358
nt care,-0.595072183482
best,0.451656615339
because of,0.233123385689
all too,-0.165736295968
all about,0.0964369443083
we have,0.0124060999791
violence,-0.563329137577
takes a,-0.102171936947
set,-0.0871703771438
reality,-0.15663400145
may have,0.0150710460131
makes you,-0.284391654548
ideas,0.197524193259
have nt,0.127230722261
being a,-0.102185110067
become a,0.243068576907
after a,-0.208366856079
action sequences,0.20364949715
two hours,-0.558825592211
too,-0.442464280178
suffers from,-0.798075596269
short,-0.253086810223
of movie,0.0591992105458
nt make,0.0091574431279
has its,0.186970438204
film of,0.351904725371
comedy and,0.20426641818
children,0.0264086628998
character and,-0.352883982272
an engaging,0.921913602488
a world,0.231441220084
which the,0.0887795498341
video,-0.243574934684
portrait,0.598517003047
of human,-0.359447054388
no one,-0.420911573998
needs to,-0.525842764717
it could,-0.293956657958
film in,0.0391585800632
do,-0.200398386286
but ultimately,-0.488587565021
as,-0.0528601098587
and funny,0.17360345869
story to,0.349743851174
situation,-0.222429482701
s something,-0.131814534401
not as,0.25291493294
laugh,0.517207497914
jokes,-0.448468093568
its subject,-0.147366605938
fire,-0.151882123123
feels like,-0.103266659388
crowd,0.177719962026
and emotional,0.212456044241
young woman,0.241314568191
world war,-0.162404766944
who have,-0.0145558347226
while,0.158041059059
vision,0.138196581828
us in,0.183823168769
things that,0.0256489695531
success,0.458781101363
scenes of,-0.204915893638
out and,-0.171629258032
nt really,-0.53578015676
nt know,-0.0274449254094
it and,-0.156882283323
is all,-0.163244556151
imagination,0.170898203203
half,-0.23866828682
dreams,-0.134517408906
be seen,-0.140871380179
will have,-0.0344725992247
what the,0.0184779950482
was nt,0.058321352553
to their,0.049923306414
to sustain,-0.261074478548
then,-0.267327921453
that can,0.219577202905
rest of,-0.347122491626
ll be,-0.177921870664
just another,-0.403615259382
just,-0.196872525313
in one,0.11365592258
flicks,-0.00559133616811
ends up,-0.270292686803
debut,0.0932208755666
couple of,0.0601928208335
budget,-0.226436597499
back and,0.072144991487
are too,-0.0447494535245
think of,-0.150415872013
the proceedings,0.263557607861
the little,0.406241783336
target audience,-0.388209508295
surprises,0.105118354599
study of,0.241890834221
right,0.297742985479
process,0.0583722729119
of my,-0.239867020641
nt quite,-0.0792670729199
look like,-0.208810838366
hour,-0.0340545195913
enjoyable,0.777331580511
directed by,-0.137753515308
because the,-0.136304069809
after the,0.668370605195
a way,0.178985230515
you want,-0.360597335296
the camera,0.236507260734
that should,-0.0716238290165
taste,-0.233005465444
pictures,0.224068041544
or not,0.35500923132
only a,0.201123386249
of,-0.0149318700652
is also,-0.113913765684
for two,-0.270787226566
film a,0.321618822005
characters in,-0.344627249392
beauty,0.566637682442
as long,-0.558277326451
as he,-0.00490342388389
and no,-0.400545962422
and is,-0.0243095268867
and at,0.462979440035
a fairly,-0.0278416115803
a dark,-0.0235268473301
with it,0.124406540722
use of,0.141466053411
to this,0.0417606762674
seen,0.147937330619
of fire,0.507400064702
little too,0.119458090578
less than,0.0516230851678
know what,-0.0380232345712
intelligence,0.428352250957
high school,-0.000226029803805
has some,-0.0696705432128
be more,-0.122584586461
approach,-0.13340552637
and to,0.275022411371
and for,0.572615443763
women s,-0.0292737988156
what they,0.336350671271
the face,0.135508928798
s nothing,0.0609804237522
motion picture,0.459834437507
house,-0.114925725879
far too,-0.284272207499
even though,0.221351099994
yet,0.00130184566201
years ago,-0.49549730985
soundtrack,0.134171287668
is really,-0.318338031445
is its,0.152724897951
in love,-0.0564250747072
gags,-0.423625993457
from being,-0.0384828229164
find a,0.045890602397
filmmakers,0.278010810524
exploration of,0.0800235405036
ever seen,0.199847826563
edge of,0.897264128162
comes off,-0.181206679833
cliches,-0.534046138542
best of,0.0669814623487
be in,-0.297499550721
around a,0.156596611197
a nice,0.583730782352
war ii,0.377660688211
to understand,0.259282334093
these characters,0.249637900132
the book,-0.156413677436
thanks to,0.499142774669
talent,0.24905232889
take on,0.18821998582
s performance,-0.29680433617
romantic comedies,-0.108793843219
power,0.359762440999
of women,0.57970226679
of such,-0.0448241058579
has to,0.0316625793627
face,0.213097359499
down to,0.19225682311
done,0.131792276906
devoid of,-1.23676523657
attention,-0.0951546419944
your head,-0.687285638708
what he,0.334582670893
we ve,0.0462227194694
up and,-0.0108543606331
through a,-0.212527185373
the work,-0.1724824762
the truth,0.11009760089
the mood,-0.384913527843
the head,-0.0236609328148
that there,0.0588055135342
that could,-0.00778590721746
something of,0.0883628183143
of how,-0.456050799567
not even,-0.0451561445768
movies of,-0.0374709881734
is at,-0.0339213093831
if they,-0.0655936669997
horror,-0.177401804623
he can,0.0610303591594
episode of,-0.199085740694
charming and,0.121380478432
and too,-0.223375170477
an intelligent,0.722954146571
your seat,0.651747572644
you do,0.21950930851
wrong,-0.428961787355
the life,-0.268043846204
that have,-0.343997897944
possible,-0.015550183472
past,-0.064596704818
others,0.0552882051647
on his,-0.11817089539
makes a,0.165377849864
interested in,-0.44963444512
in her,-0.01861704724
feel,-0.0257192378403
character study,0.0469550874263
about it,0.0332742713058
a pretty,0.121607070034
wit,0.197533924453
will find,0.105351322057
which it,-0.119967829633
the damned,-0.417568406071
the better,0.233447553184
stupid,-1.16795505029
star,0.167212408173
society,0.0253482979038
s too,-0.344568303671
on their,0.0177532182074
not very,-0.740542136001
lot,0.211249685495
it also,0.0524962285222
in and,-0.0407066957166
during the,-0.0809108769069
as this,0.100244104855
as they,0.0039879410322
anything but,-0.0448658304365
adam sandler,-0.222776818413
a funny,-0.178132537018
waste of,-0.830944753287
twists,0.493919273704
the dark,0.0889843458659
that one,0.0520353052698
storyline,-0.173327286908
performances by,0.00854428593542
moments and,0.257770440122
meditation on,0.361913666802
it will,0.267428640744
it in,-0.152258062395
is nothing,0.286361806806
interesting and,-0.537533297162
film and,0.0727938365811
either,-0.0591521681151
cast is,0.630078051867
believe that,-0.102839596206
appeal to,0.521023853688
any other,0.105821067188
and characters,-0.0706215710609
an artist,-0.0237770644065
an action,0.0862860657716
action movie,-0.451165796779
willing to,0.11353847825
waiting for,-0.117221866457
to avoid,-0.0326476121627
throughout,0.175252687532
the idea,0.379798805002
the acting,-0.217043594421
something to,-0.0201933904989
since the,0.513339723523
release,-0.101510099152
realism,0.128945543469
play,-0.00220915642478
performances and,-0.157500713519
light,0.0239154797514
just plain,-0.538811218923
ideas and,-0.176039821018
ever made,0.12092457328
ever,-0.0530847987057
despite the,-0.447545194312
behind the,0.0637735309049
around,-0.136476029216
were nt,0.404749160302
way through,0.0401953077327
used to,-0.133412542768
these two,0.301277827411
seriously,-0.113305400895
of time,0.00781965916359
never quite,-0.777951740579
much better,-0.0415285917295
movie has,-0.0496102787533
more time,0.250683783378
lot more,-0.142043115207
long as,0.426565090815
journey,0.346749625758
humanity,0.28088879921
get a,-0.0768517684015
fashion,0.38659516796
elements of,-0.00795219578164
both the,0.334973208759
behavior,-0.332316242773
approach to,0.144702544354
an old,0.325088842417
a serious,0.0848583678463
a character,-0.263826746605
worth seeing,0.285689975304
treatment,0.283717577569
to enjoy,0.595230996522
through it,0.127225555767
they do,0.225132471124
the word,-0.0828442155391
the emotional,0.165551630557
situations,-0.307561552183
s still,0.0421717958428
pieces,-0.163849698383
one another,-0.480081854967
of view,0.442127403242
of modern,0.295870997438
number of,-0.172825847076
novel,0.127579472609
not enough,-0.260250376421
mood,0.480357951718
it from,-0.155867019697
insight into,-0.114776865601
guys,0.112124268666
good intentions,-0.290364554331
energy and,-0.080201271188
community,-0.0148291507542
the modern,0.13113477301
the genre,-0.375325456133
that in,0.382654549338
story s,0.0243616972886
s novel,-0.0462537702377
re in,0.205967187657
one thing,0.386981408109
of people,0.165186213572
now,0.0167819320287
no matter,0.456147775036
no doubt,-0.118421547305
length,-0.504169923942
intelligence and,0.407132827693
in my,0.291950124783
frame,0.0033788849737
d expect,0.149664438185
brain,-0.198663417852
animation,0.123085380285
and very,0.459656998145
amusing,0.421102142174
a smile,0.270661298415
a smart,0.860705611384
a fine,0.813777315672
a decent,0.101027138962
a cinematic,-0.481287380755
without a,-0.111521639575
with some,0.178653746243
view,-0.0190270487757
to life,0.298580764676
through this,-0.430723548112
the french,0.0140478957839
the country,0.0339895065169
than in,-0.156813993666
something that,0.10284159008
re not,0.31086967885
quality,0.0144593925701
problems,-0.271558626049
party,-0.237506987128
pacing,-0.57048241951
one s,-0.12949628641
on an,0.38684777041
of emotional,0.383429943752
its way,0.0145535689816
in life,0.144935042283
guilty pleasure,-0.222011715564
captures the,0.742092967318
bunch of,-0.34311519726
what we,-0.00463524817264
war movies,0.101735828621
to live,0.0982329539581
the writing,-0.27767725953
the show,0.166390750144
the sea,0.417453188908
the road,0.240080792631
that might,-0.361455920445
that its,-0.0485525565781
still,0.126390246864
smart and,0.47907660185
same way,0.254426386222
s life,-0.0460110250022
problem,-0.258055070525
one more,-0.344339250592
one is,0.0911745073516
of art,-0.193058913355
nothing more,0.155493753429
nearly as,0.339879867147
movie to,0.111576693517
moment,0.210164739503
lrb a,-0.289051918042
little,-0.257215020641
like,-0.149211115816
it the,0.0861934983341
is never,-0.00443645954876
how bad,-0.718047840339
her,0.0157081372316
for something,-0.0984789238281
elements,-0.0656834092374
cast and,-0.0279367368859
bit,0.116430251589
bad movie,-0.329789538655
at,-0.0387162491284
adaptation,0.327376035706
action film,-0.284733211215
about its,0.0810139010832
a plot,-0.32554840656
a human,0.0468589757189
the great,0.396068747573
the filmmaker,0.183309200397
that never,-0.0245261940043
sum of,-0.45857515645
relationships,0.144559132143
not too,1.0651421683
movie of,-0.268579619441
movie and,-0.223587077444
it out,0.518932386406
it as,0.198030109556
is like,-0.193739667288
how much,-0.0444023834096
hong kong,0.159907446744
execution,-0.28452200979
being,0.0302019330438
and one,0.220049790708
and humor,0.543966288916
and director,-0.0705533712543
an audience,0.0932650600466
also a,0.332856596194
adaptation of,0.0920059193043
about their,-0.535416212516
2002,-0.0732049789742
10 minutes,-0.235324748643
you will,0.240745219136
trip,0.0666588871715
the cultural,-0.174241436143
the bad,0.329935595503
story with,0.186720684731
script and,0.0566719928323
powerful and,0.925712144069
poetry,0.151031101319
parents,0.0889911318678
once,-0.132004600704
on your,0.117475804175
not have,-0.022296191699
mind,-0.0331647668988
m not,0.00759789430469
kind,0.219107657698
its audience,0.169352592854
hard,-0.204323746258
far less,-0.156985310321
family film,-0.2011506741
familiar,-0.0420728827605
even as,-0.0840292216117
down in,-0.184693889526
come from,-0.166888449727
but that,0.266486843422
attention to,0.43966709618
are the,-0.103757163082
are,0.0431472024276
and you,-0.244530458198
an original,-0.274922761022
america,0.298489280674
above the,0.268075688645
you wish,-0.597941116989
you see,-0.253062314174
whole lot,-0.0464958908348
war,0.0975318553404
ve been,-0.447902297854
turns out,0.248908033672
themes,0.280671092544
the funniest,1.07952363576
the comic,0.130765727295
s really,-0.0490306722443
s never,0.692001401625
s good,-0.213767385246
reign of,-0.578251924144
performers,0.0702956244163
other films,-0.411910442089
or two,0.168337911378
once again,0.359055509627
much like,0.421001352037
just the,0.601858660468
interest in,-0.419602835062
i was,0.0358338015027
her own,0.496340089759
has made,0.00571497108861
games,0.100778345934
fun and,0.0963779246617
fare,0.320887367942
does a,-0.150408742314
country,-0.158514024054
boy,0.0726052529927
be made,-0.114690342392
ahead of,0.624057703693
a moving,-0.138486284863
you could,-0.30686447202
worthy of,0.396827843455
without being,-0.137066836073
watchable,0.541671547129
to like,0.523323626365
to call,-0.107735881751
think about,0.109016313002
the sum,0.0260585140418
the ones,0.491072732305
slice of,0.0130406743227
s worth,0.0167944260459
often,0.155248836106
offers a,0.551144565795
of any,0.169671461303
no real,-0.830144170938
movie as,-0.464320961686
most,0.168808035992
mix of,0.302680466186
manner of,0.159644392471
magic,0.243187166638
made for,-0.21605106841
like you,-0.133865732109
life in,0.249347153591
it comes,0.12461887354
ii,-0.371036275659
home,-0.0953769130661
hilarious,0.98957524991
eye,0.153230142724
do with,-0.238593676087
clever and,0.594881811244
both sides,-0.0301265792754
blair witch,-0.381967842944
and deeply,0.389911276193
a surprisingly,0.238202042502
a screenplay,0.0971316870736
a look,0.123772430187
a classic,0.562582949532
you are,-0.255984628093
with more,-0.202101475504
viewer,-0.128499722974
to those,-0.25386179532
to stand,-0.055355851112
title character,0.100376554987
the opera,0.365285967391
shot,0.319716099683
scary,-0.141007670439
rich and,0.881531697897
reason,-0.375042803197
proves that,0.207587897385
opportunity to,0.0284257665108
one man,0.142140789898
of new,0.517183750538
of filmmaking,-0.169334775404
not quite,-0.0370493398213
making a,0.226070228829
keep the,0.144383436656
it should,-0.0658241321256
is rrb,-0.172558109809
in some,0.413767327868
hollywood,-0.0496069253583
have an,0.079087436851
had been,0.0593007652836
get the,-0.10515679979
decades,0.153735325924
and all,0.310820892672
age,0.175772869967
acting and,0.0493975314554
a small,0.189468018578
a major,-0.392672651273
a fresh,0.459234375278
would nt,0.107014455337
when he,-0.0332482070313
what you,0.0711986037127
what a,0.0437013918171
watching this,-0.563240116165
watching the,0.122354936848
true,0.299809742049
trouble,-0.353773996652
to which,0.248519761522
to come,0.287457611859
three hours,-0.732774770425
than any,0.413926900873
so,-0.0945249792225
situations and,-0.136451392314
sad,-0.216325136481
out in,-0.0132083267851
out a,0.322412641585
ones,-0.143485567843
on any,0.292193733551
of characters,0.112155814867
nt even,-0.201054088739
name,-0.193375417843
love with,-0.236179601999
live,-0.0147429277094
lacks the,-0.962481220852
keep it,0.0580671882217
in that,0.243557320741
happen,-0.258313052982
get,-0.112875677356
footage,-0.156166459911
feeling,0.0848917750704
end up,-0.178882709728
company,0.150444953139
at best,-1.0565417614
an american,-0.0812562662308
a much,0.138081590045
a feature,0.168833621789
work and,0.0383373063154
when they,-0.00717255981741
we do,-0.0141776141638
visuals,0.700371798301
the wrong,-0.0314348232145
spy kids,0.188573242878
sequels,-0.411387332037
seen the,0.104569239152
seen before,0.355472119325
satisfying,0.776294240248
rrb a,-0.212536530228
rock,0.125576429483
real life,-0.11951504013
product,-0.500024990355
of films,0.169906409412
more interesting,-0.302582987011
long time,0.121254007704
justice,0.296427976926
job,0.236147426898
is well,0.243722111327
handful of,-0.173731711393
future,0.048288392604
fun to,-0.24714817469
full monty,0.21862033304
front of,-0.139252066804
friendship,0.166145672212
form,0.447010576936
for some,0.408173492866
film the,-0.385103124892
can only,-0.0807199263667
but this,-0.150885623988
animation and,-0.107635214562
and so,0.10992117892
and love,0.162731338256
about this,-0.248383893019
when a,-0.0351547113916
what to,0.157196026486
to mention,0.193065504138
time with,-0.439864241052
the past,-0.0293183054127
tension,0.00638775767351
spite of,0.109973778366
shots,0.0905564299573
seen in,-0.207167078231
remains a,-0.449481893997
onscreen,-0.0335462559005
nt much,-0.776951431117
movie experience,0.616327771671
movie does,0.023028098036
monster movie,-0.212632812286
memorable,0.477509061013
just how,-0.224425789355
it wants,-0.224164581666
is it,-0.117899955362
is going,-0.164767061222
in such,0.317320185833
if,-0.0335499430292
hand,0.103998461839
ground,-0.0737233011929
for those,0.216856360641
ensemble cast,0.211775467742
concerned with,-0.0689101847564
charming,0.76750505655
by his,-0.074028904679
be called,-0.680015068759
at how,0.117018229778
are all,-0.205063533124
antwone fisher,0.181125445864
and moving,-0.15822223311
and beautifully,0.935735681119
ages,0.440412230368
a work,0.0618766923567
a visual,0.0118805246469
a bunch,0.000425038606993
under a,-0.363542331651
to win,0.764405431409
to match,-0.362623023333
the video,-0.406535773908
the rock,-0.293577095086
the premise,-0.102067736645
the mind,0.531809802248
the good,-0.18967311982
the company,0.196275518638
the bottom,-0.816666338555
pretty much,-0.0148402213985
nt very,-0.67760525689
nt get,0.109505354281
nothing,-0.520118850498
movie but,-0.173615139615
masterpiece,0.835569503581
lrb but,0.160943914089
levels,0.139385042638
james bond,0.13850295421
it up,0.548656746199
it might,0.27659540114
is very,-0.166734402512
in any,0.542478848371
i saw,0.0683002373647
hours of,-0.12417467403
hour and,0.104425906172
found in,-0.39447596463
entertaining and,0.156756046002
effort to,-0.21343251235
does,0.118829359759
dealing with,-0.00335697933192
conviction,0.193767741588
condition,-0.146962191857
case of,-0.634472727131
atmosphere,0.0110145652735
as in,0.0893546989102
and i,0.00180342859941
an actress,-0.0823572809345
about how,0.00493090893631
a thriller,-0.339978321318
a script,-0.243017081207
a kind,0.423160645889
your own,-0.114269921702
you in,0.758612419958
years of,-0.421455428669
would make,0.0447667702769
worth,0.440414279034
worst of,-0.081138725069
work in,-0.474583682472
with their,0.232287246361
with enough,-0.285987858232
watching,0.00314055886475
very little,0.00606083634717
until the,0.0779614808909
to imagine,-0.415627670541
that gives,-0.117961704678
than anything,0.868878060783
same time,0.689471141594
s story,-0.20433083973
s far,0.0032027387414
predictable,-0.682266297991
of making,-0.25780291436
of history,0.0330149825318
obvious,-0.45817802566
nt as,0.107824511036
most part,-0.450723601184
money,-0.463292722979
many times,-0.110170131995
live in,0.0307084882919
its subjects,0.401161346214
it feels,-0.342535182068
interesting to,-0.0304820547122
impact,-0.0695342832967
if not,0.414889495852
i ca,0.187497517689
his movie,0.05667804876
his character,-0.0232512398815
formula,-0.210793593533
filmmaker s,-0.100258891921
film noir,0.0272697782785
best films,0.31083546317
an intriguing,0.837917304205
an attempt,-0.458667700175
american,0.0126398215655
all but,-0.205730040965
a really,0.543395905134
young men,-0.304540945152
worth the,0.217553118929
warmth,0.721624479565
those movies,-0.575376900806
thinks it,-0.736217982214
things to,-0.0568724814712
the obvious,0.116226564147
the latest,-0.0894940141956
the execution,-0.137547587468
the credits,0.434340311471
substance,-0.22441398253
skill,0.530389981819
script s,0.086848628892
say about,0.106337841018
s better,0.437241101301
relationship,-0.0747829514571
of which,0.108530384395
nothing else,0.573109400675
nothing but,0.511336585855
not for,-0.084522024124
must be,-0.00100298058293
man who,-0.321650941309
main characters,-0.410033966587
less,-0.381997190918
leave the,-0.298954500874
its visual,0.456437615308
its best,0.159647321647
issues,-0.188281698607
is essentially,-0.326483610358
in front,0.125199873622
horror movie,0.503690448551
has something,0.855552113109
gives the,0.460950045609
forgettable,-0.66301319904
enough for,-0.264204742076
depth,0.105164606613
can get,0.0406694849052
but there,0.270737203961
bore,-1.20254905048
big fat,-0.0931916828478
at every,-0.469162341923
as funny,-0.700299073231
an engrossing,0.613261246815
against the,0.249540277222
a black,-0.458435296733
you wo,0.74301368545
upon the,0.121561190482
to recommend,0.470151867393
to bring,0.0147238829856
this picture,0.408916813377
the love,-0.256098339892
than this,-0.318242289344
some time,0.127903204738
so bad,-0.174755126857
sides of,0.549703264258
sequence,0.203132377612
s previous,0.197618753127
production,0.0791211609286
plot twists,-0.388950113861
only the,0.583296449569
nt help,-0.0576803232355
nothing about,-0.178693900847
much fun,-0.0576185023351
matter how,-0.0416616916328
man and,0.131604921596
making,-0.111841521991
make,0.097083866504
life of,-0.111057935491
into your,0.0899951437538
if only,0.495969674871
i d,-0.327953449117
growing up,0.202730906163
flaws,-0.232289634463
face of,-0.172067480022
experience of,-0.75070465063
deal,-0.000797065131297
created a,0.613978683135
comes from,-0.08156687016
channel,-0.215742352438
believe in,0.272183454349
attempts to,-0.580382520434
america s,-0.211400406177
almost every,-0.403563180261
a wonderful,0.564143563216
a second,-0.247965969667
zone,0.190659949215
writing and,-0.377727692346
worth a,-0.308005431376
who did,0.228748281318
we were,0.117459511338
to hit,-0.0302541725643
to grow,0.595385268887
the second,-0.217032203487
the ensemble,-0.158985630588
the dramatic,-0.673100488573
that works,-0.211293794292
strength,0.412159592888
so often,-0.141530904933
skin,0.22713580015
s work,0.0811269873257
s like,0.301269338736
places,-0.00656774526267
picture of,0.607835858774
pain,-0.0753611817537
of work,0.52069665561
of plot,0.372558468824
of hollywood,0.055566364415
of faith,0.149344230238
nt feel,0.760761380215
no sense,-0.589444334334
movie for,-0.0244789693205
middle of,0.582757819891
memory,-0.0784143586098
making it,0.10092063305
machine,-0.223587211515
low,-0.481782032885
its story,-0.284206182545
it with,0.305966592495
it not,0.232937349248
it goes,-0.0545860950934
is supposed,0.000514317226744
is only,0.133533303946
intelligent and,0.826455635845
his story,0.248725154425
his audience,-0.118889374219
heart and,-0.0798526063288
have,-0.0151241199517
happens to,0.293806020374
grief and,-0.232927366769
get to,-0.367046712249
generation,0.214117519189
film which,0.18959165051
damned,0.113227028826
cinema s,0.126017571789
characters that,-0.310306840579
can see,0.301262605651
at it,0.236263960447
are more,-0.516991404125
and what,0.128111283973
an enjoyable,0.36051457725
air,0.0852100057863
actor,0.116018212777
a tv,0.033384496357
a perfect,0.987855263638
a high,0.383781282454
you with,0.383268900937
why,-0.293382624683
who can,0.125193689595
violence and,0.44371270104
turn out,0.152816169403
to share,0.255759648519
to one,-0.422378940608
thought,0.14390879665
their way,-0.265577047776
the perfect,0.493543529604
the experience,0.111470108357
the direction,0.275835447665
that rare,0.745097130525
than you,-0.00318911106412
than an,-0.406223218631
sustain a,-0.232073557157
spirit of,-0.366831016368
s latest,-0.491453560074
real,0.287981176229
promise of,0.166790226539
period,0.110823383219
performances from,0.232579125188
payoff,0.0168418407239
or any,0.429329661423
of war,-0.0753725729871
of other,0.238709327182
of black,-0.053908743752
looking at,-0.33501194139
least,-0.371447700047
job of,0.310157745941
is far,0.208740700237
in our,0.129020941371
i think,-0.224824899637
good movie,-0.769472224347
fresh,0.433707128819
find the,-0.20758363288
fatal attraction,-0.0833778877796
engaging and,0.352729179758
direction and,0.0561149721795
course,-0.0559592852608
core of,-0.22265913249
capture the,0.197837173931
but still,0.197681269579
black comedy,0.233361739137
as i,0.297945491566
are in,-0.114608470392
and less,-0.0933390479581
an important,0.0328368174929
all ages,-0.0236348399047
a war,-0.520698873964
a time,0.300578008282
a different,0.265541984963
will leave,0.119213810232
well to,-0.434546490152
to being,-0.0466186935341
this story,-0.103409607249
these people,0.0944437847104
the war,-0.336041919698
the series,0.229671050708
the process,0.250658983583
the previous,-0.203894634406
subjects,-0.518055244636
start to,-0.0279436895029
soul,0.355416797919
soderbergh s,0.0832815250412
problem with,-0.331453609918
predecessor,0.0764750506546
points,-0.0249714695524
on video,0.196736077853
old,-0.288472486691
of lrb,-0.374217665969
next to,-0.27534831117
in spite,0.392768946534
human being,0.295543898486
horror film,-0.440181113786
evil,-0.132335479767
even when,0.695717957195
episode,-0.0484311690335
empathy,-0.0801927674579
effects and,-0.0239826629514
do it,0.654307375954
cultural and,0.3809595194
cold,-0.639033190771
awful,-1.0288408749
answers,0.304530902057
all in,0.20105854168
a summer,0.438163612662
a delightful,0.908137399976
a brilliant,0.630595827189
well worth,0.644504188192
watching a,-0.205460557584
us with,0.416672401274
turn,0.108364271444
to play,-0.0570556983908
to pass,-0.206317049827
to check,0.530892297921
the intelligence,-1.13120767893
the humor,0.0368108356697
that really,0.357632940666
that do,0.488139026882
summer s,-0.0370715594619
such an,0.0776477012216
sitting through,-0.634585697502
read the,0.124044473332
psychological thriller,0.167903337625
provides a,0.460890343832
on this,0.23640929587
nt seen,-0.370474451813
not much,-0.360024102915
movie a,-0.149972857584
list of,-0.211623928271
just too,0.398755085168
intrigue,0.200416610142
in recent,0.208228937221
imagination and,0.239308093836
human,0.284673030294
hit,0.214333575952
her life,0.503958340325
hell,-0.324102199475
having a,-0.235493983921
have you,0.280135114153
from one,0.182670689399
find it,-0.0846914916827
film so,-0.0476622786432
failure,-1.35316272081
disney s,0.81875050512
chance to,0.604189286691
blade ii,0.521961236941
bad it,0.253057223345
at home,0.126459673901
affair,-0.46201383565
about what,0.215198609859
about an,-0.0752168068742
a worthwhile,0.591990956006
a matter,0.213446762486
a failure,-0.149809989988
well enough,-1.12669892956
very very,-0.0386460369263
us of,-0.173899607908
tribute to,0.455224022849
today,0.0959036908055
to put,-0.120894134866
this time,0.0257418381005
the third,0.0586279330638
the sort,-0.221782197568
the sheer,-0.0952374551633
the bard,0.181225400475
still a,0.277595993629
spielberg s,0.621016006142
something about,-0.183392890615
share of,0.277722519571
sentimentality,-0.357123669814
see,0.131704353101
school,-0.463649206391
same old,-0.237484118584
s more,0.273099874152
relies on,-0.000793871455187
re a,0.362552582173
persona,-0.0893525434443
out by,-0.659515314992
on both,-0.0835757200827
ode to,0.00311642404996
no more,-0.272313884555
moving and,0.547303284372
more complex,0.330443266245
matter of,0.0452320484147
make this,0.330333930043
make movies,-0.103571816189
made by,-0.476242379068
life into,0.372390506233
least a,-0.0237432256088
keep you,0.519882322651
is often,-0.170528516923
is even,-0.471650542085
industry,-0.183687375781
in many,0.057935925869
in every,-0.246909169534
human beings,0.141154320844
help but,0.748477545676
half of,-0.0170169855958
greek wedding,0.168052763575
gives us,-0.404065549825
essence of,0.36932771555
emotion,0.170048879502
dvd,-0.232522534335
disaster,-1.04400274039
designed to,-0.710866826587
delight,0.872104429052
cell phones,-0.0707938862648
cautionary tale,0.17431411419
by this,0.397130366646
but rather,0.242213604398
but i,0.209151893212
business,-0.143984280315
blue crush,0.489273078538
as his,0.414040473325
apart,-0.0869038491856
and other,0.235056434079
and on,-0.0361881588834
an odd,0.0431110370827
after another,-0.646679158759
a terrific,1.00415851313
a spark,-0.136708128021
a part,0.516162535587
20 years,0.0544062345933
you get,0.020191537333
writing,-0.0767448067856
work as,-0.0784269590291
with nothing,0.253582945785
way too,-0.758645534211
under your,-0.287760634498
touching,0.955133707989
too bad,0.929476989032
