of the,0.017115181673
in the,-0.059265493156
it s,0.0298992675289
the film,0.00253991841912
of a,-0.0945026854444
to the,-0.0585533988485
to be,0.00239977492157
is a,0.17839824339
the movi,-0.110306003571
and the,0.0420106516139
for the,-0.0528164137142
on the,-0.0725331955628
in a,-0.172858664329
with a,0.0405181314335
as a,-0.158921592529
of it,0.0842894123598
and a,0.145454936158
a movi,-0.17562943357
with the,0.0949999739991
one of,0.160078092016
for a,-0.156031236637
it is,-0.027254660431
s a,0.0656846651326
doe nt,-0.569674713653
at the,-0.083998221253
as the,-0.152932093998
from the,-0.0473887539357
that it,-0.167536047256
that s,-0.0789723064594
the most,0.290327522116
all the,0.0137873895625
is nt,-0.340437001558
like a,-0.289806381658
a film,-0.0867713542839
by the,-0.186861250357
about the,0.103690571947
film s,-0.0831583607596
in it,-0.0267948453411
into the,0.159436522201
the stori,-0.0687100123269
to a,-0.0324063617886
that is,0.0661379820155
the charact,-0.026973159833
be a,-0.235170572044
have been,-0.189294934545
in thi,-0.0838685381862
film that,0.131226374896
kind of,0.0958416664002
as it,-0.0356070586062
do nt,-0.349633131508
out of,-0.224905999154
movi that,0.266735714228
a good,0.474246407976
of hi,0.0514616058986
tri to,-0.42289378376
more than,0.0241847618756
to make,-0.201437800239
there s,-0.0899221902024
that the,-0.121646564017
a few,0.0714855106644
is the,0.0272479123015
sens of,0.122085894822
want to,-0.111100940706
it own,-0.223811829207
but it,0.140722966743
thi movi,-0.0875224072874
ca nt,-0.351999594294
s not,-0.446787782864
the first,-0.0768577422376
on a,-0.023736944953
the best,0.877448450367
ha a,0.236705755081
to see,-0.0112421835765
the same,-0.279302878729
thi is,0.0187127085221
if you,-0.01811629736
from a,-0.19103481439
into a,-0.0955731798386
you re,-0.138476489708
a lot,0.163646673909
a littl,-0.206718236399
to watch,-0.00132047217562
of an,0.00820613902955
the way,0.0923585853751
than the,-0.00150631162914
for it,0.127736447683
look at,0.134899695132
of thi,-0.0693933311783
than a,-0.380319939825
enough to,0.0768917492302
by a,-0.159017335827
the end,0.175880207922
such a,-0.142645234328
and it,-0.0758430460404
film is,0.153476869177
most of,-0.133693586524
if it,0.0987966774481
is not,-0.333571201985
make the,0.25355091584
to it,0.0723116805542
thi film,0.135759560274
movi s,-0.0326121021725
at least,-0.0278727624079
movi is,-0.206593253998
so much,-0.00411687482024
in which,-0.0249067684086
the audienc,0.190280691475
make it,0.321154385727
a great,0.414481286543
romant comedi,0.137609908905
is an,0.0717048408234
to have,-0.0170409404391
make a,0.103993315661
like the,-0.00959453833053
have a,-0.0626496090109
of those,0.1117692208
manag to,0.32956192735
lot of,-0.120531688565
is so,-0.161947501947
charact and,-0.192213531935
in hi,-0.14380734641
feel like,-0.113033024297
with it,0.160076656785
through the,-0.331868912671
seem to,-0.152004042067
hard to,-0.369996721213
the origin,0.0150321738114
as if,-0.119110531929
the world,0.257953519373
can be,0.182434505391
with an,0.372571688385
he s,0.162634950518
would be,-0.19124548066
it doe,0.215618684079
some of,-0.0285803671735
not a,-0.104653860103
go to,0.138248651251
the screen,0.149129554517
than it,0.0149935052458
may be,0.0603212578354
is that,0.0894162226137
the plot,-0.282117860165
could have,-0.0330083366111
of all,-0.0510180166958
to do,-0.0266796949806
the kind,0.134695057208
rather than,-0.202167577977
about a,0.0016541489389
a bit,-0.242818070927
the year,0.250442645684
you can,-0.014962183232
come to,-0.114503928984
to find,0.179765328615
that you,-0.186027980645
wo nt,-0.365001671825
and an,-0.0385738330577
the filmmak,-0.120294941428
a veri,0.273074205533
the theater,-0.197491982612
will be,-0.122806840945
s rrb,-0.0899580762867
a stori,-0.108302199458
should be,-0.53426329099
s the,-0.0218243660335
need to,-0.207587936996
and hi,0.0977099191578
over the,-0.188181083536
but the,-0.192034194897
it all,-0.130908249662
hi own,-0.0557510602012
did nt,-0.295479480708
make you,0.0355599515727
on it,-0.131030270142
care about,0.227761263295
the other,-0.383468934015
the big,0.0361848534733
it wa,-0.210877617629
to keep,0.0980353952011
sort of,-0.260333045305
up to,0.121578670399
much of,0.0307608664579
by it,0.119924549466
be the,0.0525754088905
each other,-0.0360017423125
to get,-0.0318197351828
you ve,0.151793025586
the worst,-1.52144629704
and not,-0.31485677135
that make,-0.0661773315248
thi one,0.120453365082
lrb and,-0.0144992796732
s no,-0.1858964689
at it,-0.167038718418
all of,-0.479959197239
too much,-0.37216981161
the right,0.609758787303
a more,0.0584984556983
of their,0.0529305567876
a bad,-0.654523527942
at a,-0.0486689728514
who are,-0.0712581698139
in an,-0.117545500217
as well,-0.33797437926
to say,-0.247294839053
the script,-0.218514481876
portrait of,0.553933242722
full of,0.324060572262
becom a,-0.162035835698
stori and,-0.0302136432762
what s,-0.175805663302
as an,0.212774073732
you ll,0.0725169565046
the director,-0.0926270869858
is one,0.0277534398172
would have,-0.212472449003
so mani,-0.418220361935
the last,0.0416497193936
is more,0.0411194600077
too mani,-0.687486980418
the time,-0.00522053433881
not to,0.218373966958
becaus it,-0.0178723422837
nt have,-0.0816862873829
with hi,-0.0435153027187
new york,-0.0899278405103
ha been,0.083006926682
their own,0.0976109224028
love stori,0.255565980951
to give,-0.0401353568883
there is,-0.208455276797
what it,0.181991618687
s film,0.0989107247525
may not,-0.0972505456953
if the,-0.0245577178376
ani of,-0.32330304547
fail to,-1.0046512036
up in,0.175603828116
that he,-0.22350754525
piec of,-0.181523548462
and more,-0.0467649638086
a new,0.140980913458
off the,-0.263743509873
part of,0.424870045051
of what,0.0609234680399
there are,0.0887214899151
or the,-0.184409591299
of love,0.0630891869026
funni and,0.90454626484
film with,0.324840068382
lack of,-0.682471157266
the whole,-0.0316232815163
that are,-0.0135312274994
subject matter,0.105623026507
special effect,0.153223073276
out the,0.147536720927
movi with,0.437304468167
it charact,-0.0628770723096
ha the,0.00855519920558
work of,0.563529594295
when you,-0.169473505584
the veri,0.0256922658583
run time,-0.262808347862
at time,0.173928916023
of these,-0.269357843213
like it,-0.00861735592638
all that,-0.230525370978
of your,0.178844375628
none of,-0.733377786474
not onli,-0.012007416966
film about,0.397251651278
the viewer,-0.184208310655
the cast,-0.142135976354
see it,0.286564489946
peopl who,-0.0382486900972
not be,0.0210450666743
look for,-0.172080613591
is in,0.0980629123392
of life,0.204737150439
might have,-0.253233280674
all it,-0.167197805463
which is,-0.213673173674
the human,0.0724762532839
much more,0.0529361780344
creat a,0.476195666519
soap opera,-0.592147288207
it ha,0.322537302918
as you,0.329905732596
to care,-0.505125712692
the onli,-0.470558788437
look like,-0.186779864393
instead of,-0.326473462035
the one,0.214310870666
one that,0.185212705057
abl to,0.234832761983
of that,0.244817201656
how to,-0.0292842778899
and most,0.40531340739
see the,-0.014772547873
a long,-0.211086540236
way to,-0.235622452779
the pictur,-0.121319233052
movi in,0.0788618429884
even if,0.264968757767
that we,0.207852149093
level of,0.109736687845
it would,-0.00854531035081
but not,0.0368943286811
attempt to,-0.392821706746
s just,-0.38660709625
plot and,-0.738304244629
of film,0.0347577529599
moment of,0.216986645833
is to,-0.0407967660109
is as,-0.0377913204633
humor and,0.496204959003
end up,-0.466121107206
well as,0.529957493914
to take,-0.165009961332
like to,-0.0146377074269
leav you,-0.0391093479713
ve seen,-0.301452021069
to go,-0.167663926049
take a,-0.222135453059
side of,0.449759702781
s most,0.63534957739
i m,-0.127225492769
better than,0.439054647377
when it,-0.260550332796
version of,-0.364180363846
time and,0.219597317591
that thi,9.8842005971e-05
that doe,0.00591329310541
of our,0.386500936307
of her,0.118346562487
it to,0.0300824238601
for an,0.0633580551225
the materi,-0.0809172040455
the fact,0.0798731249281
that will,0.117613409583
sit through,-0.631163820092
of be,-0.237843664492
more like,-0.60377285584
it were,-0.337907093698
stori of,0.289597980047
have to,-0.172596792869
captur the,0.535006316395
when the,-0.0428860278934
what is,-0.209637489143
turn out,-0.101575227584
the work,-0.122421015061
suppos to,-0.379677132722
an hour,-0.0536029795775
a young,0.116352689451
tale of,0.465260585165
the point,-0.243687857176
and emot,0.161124360322
you feel,0.216607364574
out to,-0.0593526268655
of them,-0.122788337944
just a,-0.201423449014
it titl,-0.400532568985
interest in,-0.409242262021
comedi that,0.298516625961
a fascin,0.92960739143
the more,0.171369776411
it a,0.046454681139
and even,0.158954042021
of one,0.0892860906466
an interest,0.612221235839
you to,-0.022873855051
the subject,0.0139575728385
the heart,0.612575886219
s best,0.55925159061
point of,-0.483395100685
movi of,0.0954247302905
man s,-0.0327404097907
love and,0.576127449897
it subject,0.0171621594991
about it,-0.153989704902
a big,0.108220689548
way of,-0.190278801193
the actor,0.169953661271
for thi,0.0297239248193
as much,-0.0563514567769
to look,0.0620709331596
in their,0.0624278601071
like thi,-0.158535636447
is too,-0.518331319394
in your,-0.352995674323
film to,0.205721602401
the perform,0.271085294732
of us,-0.117919882337
been a,0.0544769603877
s hard,0.0907939589496
plenti of,0.189958611796
just as,0.661081192476
is it,0.0278650165013
good time,0.836102232975
at all,-0.462253325867
the power,-0.24063524446
should have,-0.374945157556
is just,-0.550325730729
imposs to,-0.610953153161
end of,-0.251297576807
are nt,-0.227783335513
power of,0.738635607443
a sens,0.134811866587
stori that,0.321304794763
from it,-0.0295131618744
and then,-0.257222928098
and as,0.127194294845
or a,0.188091706021
music and,0.478338401136
into an,-0.0711451993481
even more,-0.0128162250654
you have,0.0407753495621
you d,-0.452199948594
s an,0.298195383045
or even,-0.414284128698
thi year,0.307828040226
see thi,-0.237007509842
s so,-0.0913759100612
of humor,-0.185538721508
far more,0.378499267676
who is,0.0312381275737
up the,-0.122946881596
under the,0.175315468423
but also,0.710881150328
with thi,-0.0702373201452
that made,0.0328265908633
perform by,0.767247404423
exercis in,-0.430560605219
between the,0.167842117256
way that,0.0407993793236
the action,-0.419210309868
minut of,-0.809132653252
film of,0.377788043275
a certain,0.128866045214
of movi,-0.129747362156
movi about,0.339885024135
even the,-0.0320532330756
doe not,-0.201505460136
big screen,0.15151865437
be as,0.0279223915316
as one,0.132346550093
90 minut,-0.232122700956
you want,-0.246066173941
for all,0.371176402525
up with,0.0333764673572
the new,-0.130961601893
intellig and,0.977452712334
fan of,0.211564605293
come from,-0.00698938441406
but a,-0.181256635069
who ha,0.225482626693
the man,-0.120133705817
that would,0.0815963407375
seri of,-0.426859921601
for that,-0.219604247801
director s,0.0859282555142
dialogu and,-0.352436227196
charm and,0.700971835397
bit of,0.313335945985
s been,-0.0519955484782
more of,-0.223975981875
world s,-0.276054709402
with such,0.71610387488
the titl,-0.0990316573324
littl more,-0.254274413901
is about,0.106370008813
he ha,-0.0903590523147
find a,0.183274828441
film and,0.252080113328
could be,-0.149873614085
to hi,0.241337633981
the final,-0.0308774605637
rrb and,-0.0729630262422
amount of,0.0759058958605
a man,-0.119379841475
even a,-0.194830846057
can not,-0.284330370441
a better,-0.193804015214
thing that,-0.184504513835
the entir,-0.093021016465
the emot,0.165700548966
that ha,0.0497898630935
that a,-0.407854098235
have made,0.0225729588038
and often,0.160605463474
a power,0.834288580466
year s,0.13671685978
world of,0.0573886282353
without the,-0.0381910181238
up for,0.0654157027244
to show,-0.224227901331
of human,-0.0493565469865
nt be,0.453755667598
lrb the,0.0468433038241
keep the,0.390932600096
i ve,0.250289732557
get a,-0.257200854804
close to,-0.199407184836
a solid,1.17658564182
the real,0.512217142345
the full,-0.139273733006
that i,-0.0171414598795
sweet and,0.723819349794
play like,-0.408019059326
not the,-0.120853273828
much as,-0.248092344058
woman s,-0.0393144959415
to tell,0.0489700087282
time to,-0.426250093636
those who,-0.0559015911893
the screenplay,-0.207099634418
might be,-0.173940570275
easi to,-0.0301282535879
be an,-0.105368273812
anyon who,-0.0445415458845
a real,0.253924377596
a rather,-0.33173153957
s also,-0.388073281963
in all,0.0259031628023
go on,-0.388022678334
give a,0.0915178042915
you might,-0.00749986832708
wit and,0.523042070067
stori is,-0.0759321844631
perform and,0.429896778809
charact who,-0.0766878668968
they re,-0.451512209444
fact that,-0.448512028424
by an,0.181177744937
back to,-0.215271413219
action film,-0.135353205312
too long,-0.647881376918
movi and,0.0330432315215
mani of,0.0671676161338
is no,-0.0182098203199
ha no,-0.771090613224
film in,0.272073363129
a seri,0.415493182724
the next,-0.513697745079
is still,0.529932093153
ha nt,-0.256714837211
give the,0.438464134612
get the,-0.0012792142503
children s,-0.0843017537382
beyond the,-0.254108927613
and their,-0.116430340523
a singl,-0.194741212155
though it,0.0641127237942
think it,-0.471499505714
they are,0.0174345097534
that take,-0.288081394256
of emot,0.364510579564
about as,-0.525959053657
you think,-0.0811471231215
the level,-0.31809269138
reli on,0.0708259253474
it may,0.0182846430557
idea of,-0.624069564035
hi charact,-0.0242538054049
grow up,-0.00210264319947
and ultim,-0.172358570962
a strong,0.431582767201
a huge,0.208566747751
a coupl,0.133035742616
your heart,0.821484263674
us to,0.307010987983
the rest,0.0528685770773
that even,-0.11127891628
be in,-0.13877206082
and some,0.142746970416
where the,-0.487931270471
natur of,-0.167915436766
it make,-0.5734741394
film ha,0.133669786474
cultur and,0.158422402358
and that,0.199403252727
a comedi,-0.0412116437016
what make,0.665517979377
up a,-0.252600553777
reason to,-0.2655837228
of good,0.276687861991
down the,-0.616178495607
de niro,0.0405252333447
come off,-0.239483496127
as ani,0.172244988465
action sequenc,-0.0144016737445
a whole,-0.369660417252
a while,0.263200083713
a hollywood,-0.122043233171
to believ,-0.0877158572834
the peopl,0.0994541350869
s as,0.367083329823
perform from,0.57150040614
onli to,-0.00629118139221
made the,0.119346624465
made a,-0.0435877340307
it can,-0.415533753905
human be,0.364012987273
film the,0.0216867862658
away from,0.527736112674
and in,0.334830878716
seem like,-0.351209200453
see a,0.343679532251
more time,0.0926917419706
is funni,0.49022308689
and yet,0.475619076729
up on,0.497993021464
to creat,0.0980680348503
the art,0.625107552316
style and,0.778504394801
she s,0.174244313155
much to,0.279332194294
lack the,-0.933774750593
direct by,-0.43366674621
deal with,0.152599017621
charact s,0.0544328161876
and just,0.0178935232785
watch the,0.107719607321
veri funni,0.965229314267
to sit,-0.259906519433
these day,0.528800057383
the middl,-0.214059178802
stori about,0.387152733562
other than,-0.558406184077
ha all,-0.224863366116
abil to,0.460434001559
who s,0.105258535043
we re,-0.0377517037347
to an,-0.197554513755
they were,-0.369892966254
s all,-0.0793849256592
like an,-0.271225499176
life and,0.311651520207
favor of,0.120710231708
element of,-0.0891848918741
charact are,-0.281387132011
a sweet,0.787725853285
a documentari,0.280551429991
with all,0.256627016256
wa a,0.00262659684593
the usual,0.325264985593
stori to,0.430716891972
off as,-0.506694705936
of charact,-0.00595883269423
live of,-0.0683867210217
than to,-0.283972469575
power and,1.02231409914
play out,0.138787340979
make thi,0.381679912695
will probabl,-0.0962002178229
wait for,-0.250064932999
veri good,0.498140313072
of two,-0.0404955488588
of cinema,0.172985876782
in year,0.660675690003
give it,0.21448831101
far from,-0.0391570659522
are so,0.215118606405
who have,-0.0452375299548
to think,-0.199467716175
the two,0.357267646332
the edg,-0.237155439137
prove that,0.0599868538645
might not,-0.129689658214
lrb or,-0.322232372723
interest to,0.157462230612
horror movi,0.211162670633
entertain and,0.908825604962
could nt,-0.335013827164
appeal to,0.401666565867
and make,0.52245948245
a half,-0.0673917772769
a director,0.306597811129
the word,-0.153145190356
other film,-0.0981918833895
it and,-0.234380948031
interest and,-0.170740229285
in favor,-0.174628194743
had a,-0.36904884092
ha it,0.141463077412
experi of,-0.0557384160975
while the,-0.0150700985538
war movi,0.0344492687745
the old,-0.114634456284
that wa,-0.397531909967
that they,-0.0115849122809
short of,-0.205022747661
i have,-0.100229382604
first film,-0.000887046666423
drama that,0.216032438711
difficult to,-0.329389749611
base on,-0.0807715999535
a true,0.527927371768
a nice,0.559438467676
a compel,0.759580278699
think of,-0.226326419206
the music,-0.0492158484937
target audienc,-0.384519621333
suffer from,-0.723334663639
s go,0.264565733017
of time,-0.162469010848
nt a,-0.0210176357146
motion pictur,0.26271153505
fill with,-0.0237505532956
examin of,0.150081167972
at onc,0.600275466137
act and,0.0431885813867
use of,0.306724972977
to work,-0.0103246741649
to feel,-0.315954157621
nt care,-0.593436738872
make for,0.421480114182
becaus of,0.334722598559
be more,0.0390147955145
all too,-0.588115568723
all about,0.0827458275107
year ago,-0.524966094467
we have,-0.0589077588392
thing to,-0.137759472781
more interest,-0.15037570375
may have,0.0217102394419
have nt,-0.167214653581
feel as,-0.484430400566
charact in,-0.0212788920599
after a,-0.262231947134
a visual,0.511889753425
two hour,-0.594712066068
the book,-0.186995198443
refus to,-0.155472526609
nt make,0.162542179512
leav the,-0.171615896221
know what,0.0504862669492
is like,-0.358617478773
high school,-0.431203573871
comedi and,0.42468567992
and love,0.716315120912
an engag,0.942228279406
a world,0.388841141794
which the,-0.0302631797817
up and,-0.069173489476
through it,0.0611884880421
tell a,-0.158320302969
studi of,0.21746927406
no one,-0.5219068491
it could,-0.250427317414
figur out,-0.464755146303
deliv a,0.523269531323
but ultim,-0.417462590768
and funni,0.696829792718
a delight,0.802710521195
s someth,-0.0199615546442
not as,0.0497395415697
insight into,-0.160605778247
film a,0.391422501935
young woman,0.402744018164
world war,0.0173813770432
us in,0.0883992463866
the live,0.175008090363
take on,0.162333316975
scene of,-0.188397927336
out and,-0.377713269261
nt realli,-0.46573325016
nt know,-0.174462034674
is all,-0.158679067303
in love,0.175587753142
give us,-0.136162451598
best film,0.388040471152
begin to,-0.675835047322
be seen,0.0384744667979
and charact,0.312649911358
will have,0.0753424045865
what the,-0.115686757238
wa nt,-0.216956683901
to their,-0.0720549740785
to sustain,-0.414619467758
that can,0.146158835979
start to,-0.0323206570986
rest of,-0.0669627394003
of other,0.133760875788
ll be,-0.172421711129
live in,0.0782616109215
just anoth,-0.696619143401
in one,0.0333982563019
get to,-0.321448768978
coupl of,-0.0476946921283
bad movi,-0.990609460768
back and,0.128932651614
are too,-0.406383623066
and direct,0.191386007374
and beauti,0.917244825514
the proceed,0.10287442283
the littl,0.294975950137
the dark,0.0918571115706
the act,-0.0368766815652
of my,-0.329182496406
nt quit,-0.0193889968395
in and,0.0786286893465
direct and,-0.0383261551285
believ that,0.0927022522369
becaus the,-0.337284451254
after the,0.434654487411
action movi,-0.753898419912
a way,0.169248933712
use to,0.129644413377
the camera,0.157821566948
that should,0.129967299474
take it,0.0630366809857
or not,-0.0412980195464
onli a,0.0618036584578
keep it,0.188537672778
is also,-0.112326123497
happen to,-0.138677731084
for two,-0.00664379452397
film like,0.0123845216663
as long,-0.899516563014
as he,-0.0980206191068
and no,-0.326541994654
and is,0.137361853326
and at,0.353130303495
a wonder,0.783672682704
a remark,1.20291901804
a reason,0.0763913091386
a fairli,0.353057030947
a dark,-0.276585114304
a classic,0.376670536589
to thi,-0.0767137968613
take the,0.374432920113
provid a,0.385960794754
of fire,0.251521095567
make hi,-0.224051362636
littl too,-0.316968045509
less than,-0.157393333144
ha some,-0.127021694098
and to,0.534233609727
and for,0.737941693056
an intellig,0.747747900299
work as,-0.026943651174
women s,-0.0555112524518
what they,0.209063396491
think about,0.104913428682
the face,0.0369798490596
s noth,-0.326407470205
lack in,-1.14041361035
find the,-0.0895549058755
far too,-0.814580921545
even though,0.191152739169
an artist,0.184324582577
the experi,0.0044930530684
sentiment and,-0.786386958437
know how,0.240376618583
is realli,-0.291640019189
from be,0.15528909844
explor of,0.269105892963
ever seen,0.608595446754
edg of,0.574516235663
do it,0.252220641076
best of,0.248256212645
begin with,-0.530643244239
aspect of,-0.124375556226
around a,0.0412825761676
anim and,0.105730364028
war ii,0.139069254157
to understand,0.109441410846
these charact,0.2754123422
thank to,0.564446887899
s perform,0.336439050994
of women,0.398123430466
of such,-0.11689824714
no doubt,0.0194191341792
movi to,0.01015938184
it feel,-0.334255276375
hand of,-0.138915021737
ha to,-0.201957302985
find it,0.115766955892
down to,-0.119621232052
devoid of,-1.24434844023
a fine,0.962372856686
your head,-0.753012191452
what he,0.422794844471
we ve,0.0492202261332
watch thi,-0.511617804008
through a,-0.349276661542
the truth,0.117640897373
the sea,0.325405224701
the mood,0.105354712982
the mind,0.605427304138
the idea,0.175813069052
the head,-0.101167035864
that there,0.152407750707
that could,-0.134097100535
someth of,0.305962691279
script and,-0.185161957293
of how,-0.588229723724
not even,-0.0571885701679
moment and,0.617790955725
is at,-0.0083416915049
if they,-0.114036529709
he can,0.139093242522
episod of,-0.399612579602
charact to,0.368830469739
cast is,0.809766299386
and too,-0.738482108785
your seat,0.550118121195
you do,0.528928854032
work in,-0.267843475225
three hour,-0.273766202451
the life,-0.155671714696
the credit,0.52413592102
that have,0.0875166572958
on hi,-0.00340650825798
movi but,-0.070172562978
main charact,-0.200418404588
laugh at,0.195017093468
in her,0.0949796357941
d expect,0.193214665937
charact studi,0.414649577552
a pretti,0.252474339748
will find,0.169894391747
which it,-0.259686103169
the great,0.320641424464
the damn,-0.362226435558
the better,0.109925796554
s too,-0.500905836694
on their,0.0355732530886
not veri,-0.805451872607
movi as,-0.335371709747
make up,0.65364504655
know it,-0.0169537444211
it also,0.231121492803
hour and,-0.224972422572
dure the,-0.0763725377912
as thi,-0.163278508014
as they,0.0170659596118
anyth but,-0.385047346163
adam sandler,-0.0456739819698
a love,0.476456885877
a funni,0.392693523701
wast of,-0.78896346359
use the,-0.0595984454488
the kid,-0.000682179838858
the eye,0.562613840511
the anim,-0.0659186534779
that one,0.210339704044
s like,0.0744530114127
pace and,0.100853628095
offer a,0.475602034466
medit on,0.467818893268
make movi,-0.137616105465
it will,0.197562296282
it in,-0.364363846548
is noth,-0.20697831208
enjoy the,0.209668889107
ani other,-0.0819131392626
an action,0.0122898641808
will to,0.2368578192
to avoid,-0.249078380393
the thing,-0.201948278011
someth to,0.00794518041864
sinc the,0.67872520671
serv as,0.283255741558
one more,-0.437721989776
just plain,-1.1253111718
idea and,0.270063276449
heart of,-0.0815851509955
have an,0.0806691454842
ever made,0.25011480689
despit the,-0.574920305037
believ in,0.299781609054
behind the,0.0950737233616
attempt at,-0.713881305753
adapt of,0.252320694562
wind up,-0.281877250746
were nt,0.117907602902
way through,-0.00902505842769
these two,0.353383441446
the good,0.409026890716
succumb to,-0.183011435616
never quit,-0.687976476042
much better,-0.115049284919
movi ha,-0.108426699654
lot more,-0.260795013064
long as,0.133766419841
it lack,0.00203574512174
horror film,-0.167478293998
have the,-0.186862768546
get under,0.0605447299105
film so,0.0427021426788
film it,-0.224516555539
both the,0.372384671779
approach to,0.0903245694781
an old,-0.00128702093858
a seriou,0.26092970249
a charact,-0.254667205282
worth see,0.604276133713
to enjoy,0.634808173015
they do,0.24103470995
the star,0.055877878368
the direct,0.24074883799
the cultur,-0.131630443413
that work,0.367716374125
s still,0.0178262350594
one anoth,-0.642727593487
of view,0.640222203098
of modern,0.24594167248
number of,-0.0761197001031
not enough,-0.268190814074
it from,-0.259739250307
good intent,0.136928992184
follow the,-0.216604265324
energi and,0.235196163903
cast and,0.255686916294
and other,-0.141677583416
the modern,0.144952773291
the genr,-0.04007237426
that in,0.299951254331
stori s,-0.047455061739
s work,0.0675523621262
s novel,0.0490874666916
re in,0.0750495334852
one thing,0.195332199323
of peopl,0.421207059149
no matter,-0.0730614630667
it want,-0.0593219425478
in my,0.365141565999
engag and,0.555791610101
concern with,0.119806007775
be abl,0.144051821449
and veri,0.523267148307
and intellig,0.957311838844
a smile,0.387449179123
a smart,0.975573572469
a fresh,0.633693424936
a decent,0.331625938466
a cinemat,-0.472154794532
without a,0.0148675422882
with some,0.222706979039
use a,0.10299638624
to life,0.362505737503
through thi,-0.597641641622
the french,0.162772057407
the countri,-0.0635977090879
than in,0.206291582825
someth that,0.210817855723
set the,-0.00792007017591
re not,0.000573892723134
one s,-0.135047785643
on an,0.115778833845
movi experi,0.790413096431
love the,0.527865737941
it way,-0.133475157992
in life,0.373336401997
guilti pleasur,0.37537445442
bunch of,-0.307722439084
be made,-0.254898766162
work out,0.16111038712
what we,-0.0965991750257
watch a,-0.285881218303
to live,0.044807514998
to film,0.143213046542
the write,-0.260006174927
the show,0.0373969764587
the road,0.0736843174451
that might,-0.172688990572
smart and,0.769791245605
same way,0.19843836946
s life,0.0590656818663
problem with,-0.635477796362
pictur of,0.347450220715
one is,0.0200472065868
of art,-0.0248901407626
noth more,-0.400570414817
nearli as,0.288901923478
monster movi,0.0132043375384
lrb a,-0.298211035554
it the,-0.0766048274334
it look,0.145433738354
is never,-0.151988187616
how bad,-1.47078458037
for someth,0.283784083537
ensembl cast,0.4461291911
day of,0.332432576041
befor it,-0.30244396916
and enjoy,0.430169541992
an emot,0.543516668955
a plot,-0.659258738015
a human,0.279438185781
a differ,0.210285527051
time with,-0.397804695198
the intellig,-0.762633892817
that never,-0.0530357639854
sum of,-0.650569450829
situat and,-0.421488579013
not too,0.423129667161
movi like,-0.227308880974
it out,0.457049619037
it come,0.083490302479
it as,0.0386718832592
how much,0.0971528526762
hong kong,0.056549307074
cast of,0.47781744035
and one,0.178081253344
and humor,0.742705009229
and director,0.101580708401
an audienc,0.214649799438
also a,0.509827718497
about their,-0.568959496193
a beauti,1.08772187002
10 minut,-0.724227222542
you will,0.45788243782
watch them,-0.462165177407
the bad,-0.571648798722
tell you,-0.363985915062
stori with,0.177083186718
spirit of,0.366570316155
rich and,0.703985761218
pleasur of,0.55511784345
on your,0.115333909965
not have,0.0718786920361
m not,-0.237436738586
keep you,0.535581305591
it audienc,0.276696157786
heart and,0.248951858552
film which,-0.0975768848723
far less,-0.440704601286
famili film,0.139690784321
even as,-0.207681965588
down in,-0.18122730323
but that,0.19422895228
attent to,0.252074947923
are the,0.0270598340654
appear in,-0.00479308353753
and you,-0.427856873548
an origin,-0.29457347071
action and,0.143029973104
abov the,0.381980603267
you wish,-0.390813172989
you see,-0.140117285998
whole lot,0.105151493321
ve been,-0.504065182193
the war,-0.167658678649
the result,-0.287104677872
the funniest,0.820766976509
the comic,0.0568617122624
the artist,0.275742802362
that keep,0.176614553295
s realli,-0.252859864539
s never,0.455068462043
s good,0.202336031923
reign of,-0.323948939442
plot twist,-0.215982064468
or two,-0.058412953849
onc again,0.364471847689
much like,0.29963646435
load of,-0.890365789937
just the,0.437097882443
it seem,0.37184905064
i wa,0.0249506812812
her own,0.590296353238
ha made,0.113654014466
fun and,0.68411809798
feel of,-0.581044457624
effort to,-0.0221042681722
doe a,-0.115957061186
come up,-0.644363678787
beauti and,0.667678236175
ahead of,0.691800639091
a work,0.168845456378
a move,0.411111614192
you could,-0.0678165314496
worthi of,0.471047336579
work and,0.30839784954
without be,-0.0299640500358
to like,0.242558946346
to call,-0.34569169738
the sum,0.124759175417
that matter,-0.142674056744
slice of,0.202395949545
s worth,0.148388138604
of bad,-0.855925217606
of ani,0.134083846841
no real,-0.456043920795
mix of,0.388493736293
manner of,-0.103992993312
made for,-0.315042902224
like you,-0.236684909934
life in,0.299848056149
it not,-0.000267795551855
hour of,-0.277763177855
feel more,0.46500658689
explor the,0.389900627451
do with,-0.505305362032
contriv and,-0.810599241232
clever and,0.710577833865
both side,-0.106634726355
blair witch,-0.494364636609
and deepli,0.415781693282
a surprisingli,0.212793615763
a screenplay,-0.388475058536
a look,0.432641409553
you are,0.0560481417317
with more,-0.067740834864
to those,-0.280542124909
to stand,0.143111380448
titl charact,-0.000409200480316
the problem,-0.306387947455
the opera,0.367022896209
scene and,0.325184760959
return to,0.204978997212
opportun to,-0.102789998434
one man,0.422473545385
of thing,0.270251422212
of new,0.47414233426
of filmmak,0.170485887017
not quit,-0.096190195128
movi a,-0.135525380836
made it,-0.267546983732
it should,0.126810366982
is rrb,-0.184033323288
in some,0.393505167677
imagin and,0.865483915356
had been,0.102708876021
and all,0.397120566525
an undeni,0.857344976283
a time,0.152075177112
a small,0.295679415745
a major,-0.220161403065
a complet,-0.252647299988
would nt,-0.132857316946
when he,-0.118548812727
what you,0.16663750537
what a,0.00540228578118
to which,0.289615981194
to come,0.175927812592
the lead,-0.0420157954419
than ani,0.513324243764
sustain a,0.192633005249
show us,-0.116096051493
s stori,-0.15087893545
s end,0.00940274356211
s charact,0.039711101725
pull off,0.530162115907
perform of,0.766633963898
out in,-0.189361980462
out a,0.155080602067
on ani,0.274588505054
of famili,0.372444119919
nt even,-0.270374978291
make us,0.641623194528
maintain a,0.483538000588
love with,0.0357127060358
intrigu and,0.628132986007
in that,-0.0701574508254
charact that,-0.336348064757
call the,0.353785345261
at best,-0.704839847521
an american,0.00387661503717
a much,0.394177091979
a featur,0.413722928976
write and,-0.364289002782
when they,0.087662792049
we do,0.00142939400395
to hit,0.0827074961197
thing in,-0.217586829336
the wrong,-0.321649087277
the process,0.181858594116
the element,0.341498882735
take you,0.570146541553
spi kid,0.21595849716
set in,0.250467256313
seen the,0.00119196634461
seen befor,0.0939336220016
rrb a,-0.109748222683
real life,-0.151316386305
put the,-0.144878440991
of hollywood,-0.0126991363816
move and,1.07021081282
love it,0.902772834808
long time,-0.0930315845448
it just,-0.245177801854
is well,0.656142614502
good and,0.496214512858
fun to,0.327080775336
full monti,0.264016752765
front of,-0.0842847008903
for some,0.211185535773
come along,-0.0534263952158
can onli,-0.353782638349
but thi,-0.399435134787
bring to,0.160194880288
and so,0.110726377936
about thi,-0.0643240703238
when a,0.112049966672
what to,0.202735120717
to mention,0.19801372179
the silli,-0.38746020881
the past,-0.396649447123
the love,0.238505115478
that come,0.684295520981
spite of,0.0751267267339
seen in,-0.234025426229
remain a,-0.408310809702
releas in,0.14357883306
nt much,-0.649361011231
nt feel,0.523111634496
movi doe,0.13090490314
look and,0.267077247196
just how,-0.402261996956
is go,0.178962834552
in such,0.235504029556
good thing,0.30732952617
for those,0.205086922622
expect from,-0.106122532376
by hi,-0.1326358939
be call,-0.585058652475
at how,0.222353014872
as possibl,0.299666816051
are all,-0.315465589265
antwon fisher,0.241242968364
ani movi,0.056242415321
and move,0.554477357486
a touch,0.702902215182
a bunch,0.0347480563879
under a,-0.299986781288
true stori,-0.262862203358
to win,0.615411132999
to match,-0.280408800398
time as,-0.213983641848
the video,-0.283239334068
the rock,-0.310484611231
the premis,-0.23191636102
the gift,0.251773834233
the compani,0.0445447482344
the bottom,-0.745772729211
sound like,-0.162698503356
pretti much,-0.0476036784864
nt veri,-0.710742881922
nt get,-0.00231401193065
lrb but,0.0860583060204
jame bond,0.114495149738
it up,0.412968116411
it might,0.116117974008
is veri,-0.194337577102
in ani,0.396383494136
i saw,0.0535142816437
good film,0.0837625225821
found in,0.00682681603127
case of,-0.637683424305
b movi,0.465544878128
as in,-0.0650881244962
appear to,-0.265990620667
and i,-0.115276934008
an actress,0.0421670857406
add up,-0.0822733946745
about how,-0.117423618639
a thriller,0.0855868488595
a script,-0.374021593141
a kind,0.269661942935
your own,-0.218710587765
you in,0.703201077718
year of,-0.204849517327
would make,0.112405977327
worst of,-0.120640961154
with their,0.528046205018
with enough,0.225069759644
watch it,-0.241920577997
veri littl,-0.404055161931
until the,-0.0874345609505
to imagin,-0.268436659819
the empti,-0.823585606303
that give,-0.248692699092
than anyth,0.558386368249
silli and,-0.72179305647
shock and,0.0895456009412
same time,0.833155498019
s far,-0.00376322303437
recommend it,0.227428330349
of make,-0.343007180647
of histori,0.115439928567
of american,-0.515872734708
nt as,0.0841961422323
movi star,0.532842891573
most part,-0.591151563775
member of,0.123895353415
mani time,-0.285738536684
if not,0.386064505903
i ca,0.0372604104809
hi movi,-0.127949125279
great film,0.384444773385
filmmak s,0.0703799645411
film noir,0.262800752475
as entertain,0.332230590123
an intrigu,0.770541479501
an enjoy,1.17353479192
an attempt,-0.0554779806027
all but,-0.251455220518
a realli,0.633002613727
a point,0.119549876583
young men,-0.12717299655
worth the,0.674603998148
thought and,0.915713299144
those movi,-0.312048522811
the protagonist,-0.304792643471
the obviou,-0.429643890774
the latest,0.044127196785
the execut,-0.21451116595
set out,0.453857744593
script s,-0.182565971467
say that,0.12073686387
say about,0.116889550893
s better,0.237296452743
read the,0.182971917562
of which,0.336587111896
noth els,-0.275298997273
noth but,0.36731685824
not for,-0.0657789401139
must be,-0.31612259366
man who,-0.606953834425
it visual,0.750695068464
it best,0.539115037101
is essenti,-0.0861259905716
in front,0.126084968988
ha someth,0.970721754892
entertain as,0.122360385946
enough for,-0.245786908628
effect and,-0.232348353126
come across,-0.864343258243
can get,-0.429144029527
but there,0.164151245441
big fat,-0.12391967394
at everi,-0.428591406479
as funni,-0.26535378711
and polit,0.0430295720227
an engross,0.609754942194
against the,0.322981195313
a strang,0.624033016976
a collect,0.0967462242842
a black,-0.395480121086
you wo,0.853141103634
upon the,-0.0352727517006
tone and,-0.463659692462
to recommend,-0.0150197028894
to bring,-0.181593712173
thi pictur,0.431927868193
the yaya,0.000150762775972
than thi,-0.581243890042
strike a,0.776799092419
some time,0.159686896549
so bad,-0.920865762502
s previou,0.426773634392
place in,-0.270803766401
onli the,0.259001065437
nt help,0.0338893040734
noth about,-0.58666207627
need a,-0.236205963199
much fun,0.351374544896
matter of,0.371949466801
matter how,0.0213564460249
manner and,0.260715939476
man and,0.125841398358
life of,0.0569147024308
into your,0.183882325896
if onli,0.165267436541
i d,-0.343687170182
grossout comedi,-0.295577287244
face of,0.115297721025
emerg as,0.69521713472
do the,0.161155357301
director of,0.106780347484
clich and,-0.567676005224
cell phone,-0.179586009344
audienc to,0.00418819353853
america s,-0.0490333453653
almost everi,-0.568150791304
a thought,0.300309417585
a second,-0.0811604059449
a filmmak,-0.0753819944293
worth a,0.154998034899
who did,0.113057897522
we were,0.0836552442615
to grow,0.529315636705
the second,-0.0772838262958
the pleasur,0.223893572369
the ensembl,-0.13332278483
the dramat,-0.390821504016
so often,-0.0830672729667
of work,0.689738608351
of plot,-0.129901967171
of faith,0.129940434813
no sens,-0.441836210167
movi for,-0.141846594215
movi ever,0.154413061075
middl of,0.429288655795
make them,0.196563013253
live up,-0.272003517934
listen to,-0.0190961155754
it with,0.32094913951
it stori,-0.318226767208
it goe,-0.300740233123
is suppos,0.163355714277
is onli,-0.270601522417
hi stori,0.158975150434
hi audienc,-0.223143989325
grief and,-0.253432429387
give you,0.36689030248
film as,-0.125813247259
end with,-0.160152523027
emot and,0.761009820244
crime drama,0.0176283992424
cinema s,0.336357712413
can see,0.557380362852
are more,-0.643003739963
and what,0.186157061088
and entertain,1.34618704785
a tv,-0.265914342873
a perfect,1.13454299814
a part,0.622728699311
a high,0.287103750032
a girl,-0.0430217830235
you with,0.464477382103
who can,0.0893136136151
violenc and,-0.144283703675
to share,0.400125734202
to one,-0.635907012719
their way,-0.0115302934161
the perfect,0.635053974128
the long,0.098768957993
that rare,0.657507196212
than you,-0.049826313026
than an,-0.332264828822
s latest,-0.301758281619
promis of,0.16834266337
or ani,0.199709532683
of war,0.0128156767158
of black,0.0489465420324
joke and,-0.690128678551
job of,0.479282260317
it work,0.570287358664
is far,0.266390699679
involv in,0.455927716897
in our,0.406928744115
i think,-0.131685025646
good movi,-0.80725465326
fatal attract,-0.183105813358
execut and,0.439893849306
core of,-0.31943017952
comedi to,-0.290379778887
but still,0.295465845524
black comedi,0.219929581707
be play,-0.0770780368656
as i,0.426161781544
are in,-0.194415257067
and less,-0.510923213704
an import,0.222958649609
all age,0.807748467967
a war,-0.135769471518
a terrif,1.01225209731
a bore,-0.714183616361
will leav,0.139079437287
well to,-0.232603427052
to justifi,0.176120541448
thi stori,-0.0754185701249
these peopl,0.0892375958657
the seri,-0.163108056158
the screenwrit,-0.21807840253
the relationship,0.291020785849
the previou,-0.237086393259
the mysteri,0.34840044237
that seem,0.0726586901367
that allow,-0.253874381717
soderbergh s,0.071126337799
rise abov,-0.519922517836
on video,-0.156198106821
of lrb,-0.17617287304
next to,-0.104398694868
movi thi,0.151728482526
movi or,0.0089334451732
movi are,0.604603547595
laugh and,0.163939850667
is gener,0.284325812412
in spite,0.416662495699
feel a,-0.0918653248607
even when,0.467623422442
be too,-0.279968196682
and visual,-0.192030620861
all in,0.330892783526
a terribl,-0.844191912708
a summer,0.706567399204
a brilliant,0.760914351283
well worth,1.16268999887
us with,0.595869944387
to play,-0.401688441522
to pass,-0.134960900922
to check,0.195692356603
time in,-0.0564932609679
the rich,0.228381740061
the humor,0.196626033953
the feel,-0.0694851016511
the classic,0.25857913799
that realli,0.189613717792
that do,0.042992969168
summer s,-0.00076009765244
such an,-0.112652261621
stori but,0.115680488316
scene that,-0.15555265882
s movi,0.158884387415
psycholog thriller,0.492894551843
on thi,-0.0491180238668
nt seen,-0.0484936664406
not much,-0.598050003168
memori and,0.230779954651
long and,-0.293218807164
list of,-0.240425983491
just too,-0.0937292765134
in recent,0.152725782044
hi film,-0.101468550149
her life,0.449352773802
have you,0.223056435619
from one,0.134170619854
fill the,-0.0586659195038
disney s,0.409495462124
comedi of,0.321417738897
chanc to,0.662275587755
blade ii,0.1639357607
best actor,0.72765216404
bad it,0.0360521833239
at home,0.191774093155
and predict,-0.561552111312
about what,0.226549648171
about an,-0.105203430541
a worthwhil,0.728518724959
a matter,-0.547835621845
a failur,-1.46198387533
well enough,-0.769668870964
veri veri,-0.30938187864
us of,-0.122351375579
tribut to,0.441657551228
to put,-0.169529546949
thi time,0.0776105095617
the wonder,1.11084867637
the third,-0.218226382452
the sort,-0.612138603047
the sheer,0.100911828772
the set,0.302435807928
the nation,0.466840246858
the bard,-0.0182310700223
sustain interest,0.244008089362
still a,0.345854162341
spielberg s,0.731298225495
someth about,-0.0809121982836
share of,0.390649580862
script that,-0.477679205284
same old,-0.86169080883
s more,0.177004117166
realiz that,-0.631268885142
re a,0.301286284529
out by,-0.669582518508
on both,-0.051637517432
of idea,-0.0431132650279
of hope,0.35328846731
ode to,0.292206743325
no more,-0.525635897572
more complex,0.54607173376
made by,-0.554100298563
love triangl,-0.234334257294
light of,-0.491441964768
life into,0.45876770476
least a,0.345661836727
is often,-0.0497731792895
is even,-0.412879243916
in other,-0.275390498638
in mani,-0.0979798076009
in everi,-0.388646608838
help but,0.771016244798
half of,-0.262308713399
greek wed,0.0704529655801
fresh and,0.868396951272
film from,0.0623454311987
essenc of,0.479695381398
design to,-0.778859272428
creat an,-0.18510242866
confus and,0.0400490880688
cautionari tale,0.343726458254
by thi,0.438419416569
but rather,-0.0644617969554
but i,0.0481612850789
bog down,-0.576158823591
blue crush,0.6354194618
as hi,0.347962435441
and sad,-0.0926115179645
and person,0.615161700839
and on,-0.220052843378
an odd,0.191596659775
after anoth,-0.883203185803
a spark,-0.105985860892
a gener,0.112756629112
20 year,-0.136235539718
you get,-0.26853351016
with noth,-0.00386030501606
way too,-1.03934682029
wait to,-0.192287590523
under your,-0.218939592988
too bad,-0.0316030476378
to rememb,0.456244678101
to let,-0.00122892418267
to american,0.146297827447
those film,-0.480563500251
thi kind,-0.354591404056
theme of,-0.27609209276
their charact,0.236187024926
the queen,-0.0746565145884
the price,0.497212512731
the light,-0.345760254432
the comedi,-0.0723970689253
teenag boy,-0.0986013054783
social commentari,-0.0622835174415
seen as,0.0462499208159
sandler s,-0.407769085811
run out,-0.631508086254
quit a,-0.0369338196241
of high,-0.0478425071703
of french,0.80143891956
nt the,-0.446137916532
movi make,-0.25593617438
materi is,0.129132656606
look as,0.316166291837
life s,-0.0261308800417
let alon,-0.616944138131
jacki chan,-0.063317936236
itself in,0.602940399928
it take,0.237271575005
intim and,0.531236513837
in movi,0.186781044401
i like,1.0674976478
hi usual,-0.126843428243
hi most,0.492336171984
for most,-0.195077006002
for children,0.167144071733
film more,-0.0243286370838
featur film,0.0225257046514
everi day,-0.615486865379
especi the,0.177566252373
equival of,-0.423990156487
depict of,0.404851616198
dark and,0.155289375476
comic book,-0.166476800617
charact develop,-0.348596706494
at hi,-0.00287961695175
as mani,0.100480900989
artist who,0.0185802403883
and pace,0.35030491422
and moral,-0.252262046298
and how,-0.0554825531535
and chang,0.180458075961
analyz thi,-0.410919778854
adventur and,0.25482667201
actor in,-0.182462217252
action flick,-0.736966127069
about one,-0.176218704439
a romant,0.153646679071
a particularli,-0.403843578804
a narr,0.216763510072
a chanc,-0.0579909337684
woodi allen,-0.266301653306
with consider,0.784990914884
video store,-0.548819836057
ve got,-0.0602715735574
ve ever,-0.608948518207
to resist,1.03978993115
to pleas,0.28559665558
to leav,-0.628615620194
to becom,0.432272956859
thing and,-0.259970438715
thi a,-0.0110942685454
the women,0.16272485826
the talent,0.420809379218
the soul,0.737860519938
the role,0.380826184941
the highest,-0.00897786745247
the greatest,0.656203822058
the event,-0.0821405193601
the brain,-0.438698854086
than i,0.205774637651
than hi,0.195912158472
take us,0.0186728895659
struggl to,-0.245876207001
star and,-0.0881199789394
seem as,-0.159248203531
s new,-0.236631164178
s great,0.729473852332
s direct,0.104914367708
s about,0.160230840019
quirki and,0.311097092023
queen of,-0.0749143208607
potenti for,0.101961499803
perform in,0.39580611221
onli one,-0.248917636347
on and,-0.0286647966345
on all,-0.02221763915
of way,0.0913020953262
of watch,-0.478288610311
of suspens,0.0557657597669
of most,0.0487962634251
of interest,0.0167354419591
of fun,0.526390180588
much about,-0.271988101004
master of,-0.0903420249167
made to,-0.200892995258
littl film,0.525334072868
just doe,-0.497434292625
it for,0.0489496097127
is almost,-0.0468592841922
human natur,0.546209593799
he is,0.211359414549
have come,-0.228495354395
green s,0.121028234727
for their,-0.162704316224
film for,0.154402298014
few laugh,-0.225191815456
featur debut,0.783228524333
fat greek,0.342218930483
enough of,-0.191141691673
desir to,-0.471226506602
combin of,-0.248858643315
children and,-0.0635168637439
car chase,-0.593528693975
but is,-0.41991832305
beauti selfsatisfi,0.144650433894
as bad,-0.88427119067
and get,0.100194154952
an impress,0.664169140212
among the,0.461456495185
allen s,0.267248821715
afterschool special,-0.436701952914
act is,-0.442187944709
a welcom,0.617288017303
a total,-0.756466807328
a masterpiec,1.08990212115
a haunt,0.0365243443364
a clever,0.514563450472
a cheat,-0.149407999532
your eye,0.0656963885946
which he,0.213466849274
weight of,-0.567886642961
view of,0.386592044525
veri much,0.196987494219
us that,0.0670903604328
urg to,-0.664683751341
too often,-0.4973448983
to provid,-0.0550777497634
thing up,-0.137151653845
the theatr,-0.015319547287
the situat,0.199918942825
the scene,0.0925698477607
the monster,-0.156112025853
the line,0.467957363614
the import,0.0762641347026
the imag,0.297029282055
the gener,0.247874918941
the familiar,0.24908978873
the famili,-0.210507531373
that manag,-0.182175952787
than your,0.403781526968
someth more,-0.0306980901312
run for,-0.497519411521
pull the,0.392765816269
pretend to,-0.576852806854
potenti of,-0.0641653066933
plot that,-0.184011709201
of you,-0.133689106889
nt been,-0.0445706368413
not alway,-0.440994407402
like be,-0.386618925703
kid and,0.114665106948
it plot,-0.200287650373
is actual,0.00720728121555
in on,0.0891924660627
human spirit,0.347344131882
homag to,0.223807399982
have seen,0.566423124779
great deal,-0.0499648486628
good actor,0.387374708634
from thi,-0.697614677663
from an,0.367932622607
for kid,0.503397237615
find an,-0.11957940373
fairi tale,0.00753392451282
everi bit,0.461821561356
energet and,1.166252767
drama and,-0.15591500246
comedi with,0.349488468144
color and,0.777756124221
can still,0.246333075482
blend of,0.346721336032
an equal,0.00173161606473
allow the,-0.500633017989
a satisfi,0.804383036948
a mile,-0.733477636114
a mediocr,-0.412163082608
a histor,0.491638292135
wife and,-0.0703658848056
treatment of,0.161500946197
to me,-0.348166711483
to hold,-0.14343318957
to happen,-0.467945791495
to ever,-0.463127747192
the visual,0.145928651882
the social,-0.0649092372627
the romant,0.343898597504
the player,0.166504837491
the overal,-0.0836791467006
the odd,0.00307682601864
the least,-0.481711650464
the latter,-0.470062374971
the joke,-0.855757996096
the girl,0.0126788249702
the drama,-0.177301875488
term of,0.0265733817241
start out,-0.47596421212
someth new,0.306900378951
should nt,-0.226513289537
remak of,-0.392724921672
purpos and,0.109208826156
perform as,0.514302018988
movi you,0.657153669956
movi can,0.375452898783
loud and,-0.718842268694
lost in,-0.65363369871
loss and,-0.727415941541
let the,-0.252331642365
just about,-0.0404621625769
it get,0.0961046305277
is pretti,0.236551386599
import of,0.217958286276
i would,-0.647258639052
grace and,0.552961272562
famili and,0.617150587688
credit roll,0.326826124617
courag and,0.886842968309
construct a,-0.426508841171
black and,0.153676549345
been made,-0.310776340191
audienc in,0.000967618655325
are as,-0.111939815012
are a,-0.0590013584638
and with,-0.0493155823496
and time,0.216158358017
and sometim,-0.578638835268
and origin,0.565823849958
and frustrat,-0.167622863995
amount to,-0.587059586156
a simpl,0.393620061034
a mere,-0.420101895162
a complex,0.205661151412
with one,0.0489745365852
visual style,-0.734800528509
the top,0.250666317884
the target,0.147205418423
the tale,0.163786496206
the summer,-0.208523232949
the sourc,-0.0170800250029
the project,-0.102164781197
the histori,0.121722649886
the effort,-0.159099703181
the back,-0.441108063496
than one,0.165396161193
tend to,-0.454437161522
straight to,-0.742399693424
star war,0.00147160066105
so well,0.761991256419
serv up,-0.129975327236
s one,0.196230040206
s imposs,0.0292784615599
road movi,0.413769432952
rise to,0.292193192407
price of,-0.683429121505
pretti good,0.509493667436
pictur that,0.481653640316
passion and,0.873855548892
out with,-0.119245186151
out on,-0.588252623153
one in,-0.43570277843
of real,0.138749337491
of purpos,-0.00109467296708
of man,0.297742684542
of live,0.226089821988
of imagin,-0.0580803972776
nt nearli,0.0238734058068
nt look,-0.00127727833024
noth to,-0.313136739359
nearli three,-0.493678815598
must have,-0.451199936691
more often,0.229052100395
mind of,-0.0744900928548
know the,0.20222008061
kiddi flick,-0.795697866616
it charm,-0.00635737098005
